[2026-10-02T19:39:05.952Z INFO  squarebob] squarebob-rs starting (log level: info)
[2026-10-02T19:39:05.952Z INFO  squarebob] CLI mode: Mode3D
[2026-10-02T19:39:05.952Z INFO  squarebob] Screenshot mode: delay=20s, path="C:/projects/projects.rust.cg/cglibs/oidn-rs/bughunt/squarebob_pq_window_pt_gpu.png"
[2026-10-02T19:39:06.112Z WARN  wgpu_hal::vulkan::instance] GENERAL [Loader Message (0x0)]
    	Layer VK_LAYER_bandicam_helper uses API version 1.2 which is older than the application specified API version of 1.3. May cause issues.
[2026-10-02T19:39:06.112Z WARN  wgpu_hal::vulkan::instance] 	objects: (type: INSTANCE, hndl: 0x257c819e180, name: ?)
[2026-10-02T19:39:07.341Z INFO  squarebob::app::presets] Loaded 8 presets from C:\Users\joss1\.squarebob\presets.json
[2026-10-02T19:39:07.343Z INFO  squarebob::app] wgpu limits: max_storage_buffer_binding_size=2147483644, max_storage_buffers_per_shader_stage=524288, max_uniform_buffers_per_shader_stage=524288, max_bind_groups=8, max_texture_dimension_2d=32768, max_buffer_size=4294967295, min_uniform_buffer_offset_alignment=64, min_storage_buffer_offset_alignment=32
[2026-10-02T19:39:07.344Z INFO  squarebob::scanner] Scan started: "\\\\?\\C:\\projects\\projects.rust.cg\\cglibs\\oidn-rs\\bughunt\\display_window_fixture"
[2026-10-02T19:39:07.344Z INFO  squarebob::cache] Cache loaded: "C:\\Users\\joss1\\AppData\\Local\\squarebob-rs\\cache\\a6bfad3668456e2c3ef2410ad4e2eb104626f5f8ce5577df8f2305fd6ece0ae4.bin" (12 files)
[2026-10-02T19:39:07.399Z INFO  squarebob::display_host] Display output: HDR10 (PQ) (Rgb10a2Unorm, Bt2100Pq)
[2026-10-02T19:39:07.468Z INFO  squarebob::app::scan_orchestration] Loaded cache preview for generation 1: 12 files
[2026-10-02T19:39:07.468Z INFO  squarebob::app::scan_orchestration] Scan generation 1 complete: 12 files
[2026-10-02T19:39:07.470Z INFO  squarebob::cache] Cache saved: "C:\\Users\\joss1\\AppData\\Local\\squarebob-rs\\cache\\a6bfad3668456e2c3ef2410ad4e2eb104626f5f8ce5577df8f2305fd6ece0ae4.bin" (2483 bytes)
[2026-10-02T19:39:07.642Z WARN  wgpu_hal::vulkan::instance] PERFORMANCE [WARNING-Shader-OutputNotConsumed (0xc81ad50e)]
    	vkCreateGraphicsPipelines(): pCreateInfos[0].pVertexInputState Vertex attribute at location 9 not consumed by vertex shader.
[2026-10-02T19:39:07.642Z WARN  wgpu_hal::vulkan::instance] 	objects: (type: SHADER_MODULE, hndl: 0x7a000000007a, name: ?)
[2026-10-02T19:39:07.644Z WARN  wgpu_hal::vulkan::instance] PERFORMANCE [WARNING-Shader-OutputNotConsumed (0xc81ad50e)]
    	vkCreateGraphicsPipelines(): pCreateInfos[0].pVertexInputState Vertex attribute at location 9 not consumed by vertex shader.
[2026-10-02T19:39:07.644Z WARN  wgpu_hal::vulkan::instance] 	objects: (type: SHADER_MODULE, hndl: 0x7e000000007e, name: ?)
[2026-10-02T19:39:10.179Z INFO  squarebob::app::treemap_view] 3D frame: render=315.7ms tex=2.2ms total=317.9ms
[2026-10-02T19:39:10.399Z INFO  squarebob::app::treemap_view] 3D frame: render=26.3ms tex=1.7ms total=28.0ms
[2026-10-02T19:39:10.420Z INFO  squarebob::display_host] Display output: HDR10 (PQ) (Rgb10a2Unorm, Bt2100Pq)
[2026-10-02T19:39:10.437Z INFO  squarebob::app::treemap_view] 3D frame: render=2.9ms tex=0.8ms total=3.7ms
[2026-10-02T19:39:10.458Z INFO  squarebob::app::treemap_view] 3D frame: render=4.3ms tex=1.1ms total=5.4ms
[2026-10-02T19:39:10.477Z INFO  squarebob::app::treemap_view] 3D frame: render=3.0ms tex=1.2ms total=4.2ms
[2026-10-02T19:39:10.499Z INFO  squarebob::app::treemap_view] 3D frame: render=3.6ms tex=0.9ms total=4.4ms
[2026-10-02T19:39:10.519Z INFO  squarebob::app::treemap_view] 3D frame: render=2.5ms tex=1.7ms total=4.1ms
[2026-10-02T19:39:10.538Z INFO  squarebob::app::treemap_view] 3D frame: render=2.7ms tex=0.7ms total=3.4ms
[2026-10-02T19:39:10.557Z INFO  squarebob::app::treemap_view] 3D frame: render=2.2ms tex=0.6ms total=2.8ms
[2026-10-02T19:39:10.576Z INFO  squarebob::app::treemap_view] 3D frame: render=2.5ms tex=0.7ms total=3.2ms
[2026-10-02T19:39:10.595Z INFO  squarebob::app::treemap_view] 3D frame: render=2.3ms tex=0.8ms total=3.1ms
[2026-10-02T19:39:10.614Z INFO  squarebob::app::treemap_view] 3D frame: render=2.5ms tex=0.7ms total=3.2ms
[2026-10-02T19:39:10.633Z INFO  squarebob::app::treemap_view] 3D frame: render=3.0ms tex=0.6ms total=3.6ms
[2026-10-02T19:39:10.652Z INFO  squarebob::app::treemap_view] 3D frame: render=2.4ms tex=0.7ms total=3.1ms
[2026-10-02T19:39:10.670Z INFO  squarebob::app::treemap_view] 3D frame: render=2.2ms tex=0.6ms total=2.9ms
[2026-10-02T19:39:10.688Z INFO  squarebob::app::treemap_view] 3D frame: render=2.3ms tex=0.6ms total=2.9ms
[2026-10-02T19:39:10.705Z INFO  squarebob::app::treemap_view] 3D frame: render=2.5ms tex=0.6ms total=3.1ms
[2026-10-02T19:39:10.724Z INFO  squarebob::app::treemap_view] 3D frame: render=3.2ms tex=1.1ms total=4.2ms
[2026-10-02T19:39:10.743Z INFO  squarebob::app::treemap_view] 3D frame: render=3.2ms tex=0.7ms total=3.8ms
[2026-10-02T19:39:10.763Z INFO  squarebob::app::treemap_view] 3D frame: render=2.7ms tex=0.9ms total=3.6ms
[2026-10-02T19:39:10.780Z INFO  squarebob::app::treemap_view] 3D frame: render=2.6ms tex=0.7ms total=3.3ms
[2026-10-02T19:39:10.796Z INFO  squarebob::app::treemap_view] 3D frame: render=2.4ms tex=0.7ms total=3.1ms
[2026-10-02T19:39:10.814Z INFO  squarebob::app::treemap_view] 3D frame: render=2.5ms tex=0.6ms total=3.2ms
[2026-10-02T19:39:10.831Z INFO  squarebob::app::treemap_view] 3D frame: render=2.8ms tex=0.6ms total=3.5ms
[2026-10-02T19:39:10.848Z INFO  squarebob::app::treemap_view] 3D frame: render=2.4ms tex=0.7ms total=3.1ms
[2026-10-02T19:39:10.866Z INFO  squarebob::app::treemap_view] 3D frame: render=2.8ms tex=0.6ms total=3.4ms
[2026-10-02T19:39:10.883Z INFO  squarebob::app::treemap_view] 3D frame: render=2.7ms tex=0.7ms total=3.4ms
[2026-10-02T19:39:10.900Z INFO  squarebob::app::treemap_view] 3D frame: render=2.4ms tex=0.7ms total=3.1ms
[2026-10-02T19:39:10.917Z INFO  squarebob::app::treemap_view] 3D frame: render=2.4ms tex=0.7ms total=3.1ms
[2026-10-02T19:39:10.933Z INFO  squarebob::app::treemap_view] 3D frame: render=2.3ms tex=0.7ms total=3.1ms
[2026-10-02T19:39:10.949Z INFO  squarebob::app::treemap_view] 3D frame: render=2.4ms tex=0.7ms total=3.0ms
[2026-10-02T19:39:10.966Z INFO  squarebob::app::treemap_view] 3D frame: render=2.3ms tex=0.8ms total=3.1ms
[2026-10-02T19:39:10.982Z INFO  squarebob::app::treemap_view] 3D frame: render=2.4ms tex=0.7ms total=3.0ms
[2026-10-02T19:39:10.998Z INFO  squarebob::app::treemap_view] 3D frame: render=2.5ms tex=0.7ms total=3.2ms
[2026-10-02T19:39:11.016Z INFO  squarebob::app::treemap_view] 3D frame: render=2.5ms tex=0.7ms total=3.2ms
[2026-10-02T19:39:11.032Z INFO  squarebob::app::treemap_view] 3D frame: render=2.3ms tex=0.6ms total=3.0ms
[2026-10-02T19:39:11.048Z INFO  squarebob::app::treemap_view] 3D frame: render=2.4ms tex=0.7ms total=3.0ms
[2026-10-02T19:39:11.064Z INFO  squarebob::app::treemap_view] 3D frame: render=2.3ms tex=0.7ms total=2.9ms
[2026-10-02T19:39:11.080Z INFO  squarebob::app::treemap_view] 3D frame: render=2.2ms tex=0.7ms total=2.8ms
[2026-10-02T19:39:11.097Z INFO  squarebob::app::treemap_view] 3D frame: render=2.4ms tex=0.8ms total=3.2ms
[2026-10-02T19:39:11.113Z INFO  squarebob::app::treemap_view] 3D frame: render=2.2ms tex=0.7ms total=2.9ms
[2026-10-02T19:39:11.129Z INFO  squarebob::app::treemap_view] 3D frame: render=2.3ms tex=0.8ms total=3.1ms
[2026-10-02T19:39:11.145Z INFO  squarebob::app::treemap_view] 3D frame: render=2.3ms tex=0.7ms total=3.0ms
[2026-10-02T19:39:11.161Z INFO  squarebob::app::treemap_view] 3D frame: render=2.2ms tex=0.7ms total=2.9ms
[2026-10-02T19:39:11.177Z INFO  squarebob::app::treemap_view] 3D frame: render=2.3ms tex=0.7ms total=3.0ms
[2026-10-02T19:39:11.194Z INFO  squarebob::app::treemap_view] 3D frame: render=2.9ms tex=0.8ms total=3.7ms
[2026-10-02T19:39:11.210Z INFO  squarebob::app::treemap_view] 3D frame: render=2.5ms tex=0.7ms total=3.1ms
[2026-10-02T19:39:11.228Z INFO  squarebob::app::treemap_view] 3D frame: render=3.0ms tex=0.8ms total=3.8ms
[2026-10-02T19:39:11.245Z INFO  squarebob::app::treemap_view] 3D frame: render=2.6ms tex=0.7ms total=3.3ms
[2026-10-02T19:39:11.261Z INFO  squarebob::app::treemap_view] 3D frame: render=2.5ms tex=0.7ms total=3.2ms
[2026-10-02T19:39:11.277Z INFO  squarebob::app::treemap_view] 3D frame: render=2.4ms tex=0.6ms total=3.0ms
[2026-10-02T19:39:11.293Z INFO  squarebob::app::treemap_view] 3D frame: render=2.5ms tex=0.7ms total=3.2ms
[2026-10-02T19:39:11.310Z INFO  squarebob::app::treemap_view] 3D frame: render=2.4ms tex=0.6ms total=3.1ms
[2026-10-02T19:39:11.326Z INFO  squarebob::app::treemap_view] 3D frame: render=2.2ms tex=0.6ms total=2.8ms
[2026-10-02T19:39:11.342Z INFO  squarebob::app::treemap_view] 3D frame: render=2.5ms tex=0.7ms total=3.1ms
[2026-10-02T19:39:11.358Z INFO  squarebob::app::treemap_view] 3D frame: render=2.2ms tex=0.7ms total=2.9ms
[2026-10-02T19:39:11.375Z INFO  squarebob::app::treemap_view] 3D frame: render=2.3ms tex=0.7ms total=3.0ms
[2026-10-02T19:39:11.391Z INFO  squarebob::app::treemap_view] 3D frame: render=2.4ms tex=0.7ms total=3.1ms
[2026-10-02T19:39:11.408Z INFO  squarebob::app::treemap_view] 3D frame: render=2.3ms tex=0.7ms total=3.0ms
[2026-10-02T19:39:11.424Z INFO  squarebob::app::treemap_view] 3D frame: render=2.4ms tex=0.7ms total=3.0ms
[2026-10-02T19:39:11.441Z INFO  squarebob::app::treemap_view] 3D frame: render=2.5ms tex=0.7ms total=3.1ms
[2026-10-02T19:39:11.457Z INFO  squarebob::app::treemap_view] 3D frame: render=2.3ms tex=0.7ms total=3.0ms
[2026-10-02T19:39:11.473Z INFO  squarebob::app::treemap_view] 3D frame: render=2.3ms tex=0.7ms total=2.9ms
[2026-10-02T19:39:11.489Z INFO  squarebob::app::treemap_view] 3D frame: render=2.3ms tex=0.7ms total=3.0ms
[2026-10-02T19:39:11.506Z INFO  squarebob::app::treemap_view] 3D frame: render=2.4ms tex=0.7ms total=3.2ms
[2026-10-02T19:39:11.522Z INFO  squarebob::app::treemap_view] 3D frame: render=2.3ms tex=0.7ms total=3.0ms
[2026-10-02T19:39:11.538Z INFO  squarebob::app::treemap_view] 3D frame: render=2.5ms tex=0.7ms total=3.1ms
[2026-10-02T19:39:11.554Z INFO  squarebob::app::treemap_view] 3D frame: render=2.4ms tex=0.7ms total=3.1ms
[2026-10-02T19:39:11.570Z INFO  squarebob::app::treemap_view] 3D frame: render=2.4ms tex=0.7ms total=3.0ms
[2026-10-02T19:39:11.586Z INFO  squarebob::app::treemap_view] 3D frame: render=2.4ms tex=0.6ms total=3.0ms
[2026-10-02T19:39:11.602Z INFO  squarebob::app::treemap_view] 3D frame: render=2.2ms tex=0.7ms total=2.8ms
[2026-10-02T19:39:11.618Z INFO  squarebob::app::treemap_view] 3D frame: render=2.6ms tex=0.7ms total=3.2ms
[2026-10-02T19:39:11.635Z INFO  squarebob::app::treemap_view] 3D frame: render=2.6ms tex=0.7ms total=3.3ms
[2026-10-02T19:39:11.652Z INFO  squarebob::app::treemap_view] 3D frame: render=2.5ms tex=0.7ms total=3.2ms
[2026-10-02T19:39:11.669Z INFO  squarebob::app::treemap_view] 3D frame: render=2.5ms tex=0.7ms total=3.2ms
[2026-10-02T19:39:11.686Z INFO  squarebob::app::treemap_view] 3D frame: render=2.7ms tex=0.7ms total=3.3ms
[2026-10-02T19:39:11.702Z INFO  squarebob::app::treemap_view] 3D frame: render=2.3ms tex=0.6ms total=2.9ms
[2026-10-02T19:39:11.718Z INFO  squarebob::app::treemap_view] 3D frame: render=2.3ms tex=0.7ms total=2.9ms
[2026-10-02T19:39:11.733Z INFO  squarebob::app::treemap_view] 3D frame: render=2.3ms tex=0.7ms total=3.0ms
[2026-10-02T19:39:11.749Z INFO  squarebob::app::treemap_view] 3D frame: render=2.3ms tex=0.7ms total=3.0ms
[2026-10-02T19:39:11.764Z INFO  squarebob::app::treemap_view] 3D frame: render=2.1ms tex=0.7ms total=2.8ms
[2026-10-02T19:39:11.780Z INFO  squarebob::app::treemap_view] 3D frame: render=2.4ms tex=0.7ms total=3.1ms
[2026-10-02T19:39:11.796Z INFO  squarebob::app::treemap_view] 3D frame: render=2.2ms tex=0.6ms total=2.8ms
[2026-10-02T19:39:11.812Z INFO  squarebob::app::treemap_view] 3D frame: render=2.2ms tex=0.7ms total=2.9ms
[2026-10-02T19:39:11.828Z INFO  squarebob::app::treemap_view] 3D frame: render=2.6ms tex=0.7ms total=3.2ms
[2026-10-02T19:39:11.844Z INFO  squarebob::app::treemap_view] 3D frame: render=2.2ms tex=0.6ms total=2.9ms
[2026-10-02T19:39:11.860Z INFO  squarebob::app::treemap_view] 3D frame: render=2.2ms tex=0.7ms total=2.9ms
[2026-10-02T19:39:11.876Z INFO  squarebob::app::treemap_view] 3D frame: render=2.4ms tex=0.7ms total=3.0ms
[2026-10-02T19:39:11.892Z INFO  squarebob::app::treemap_view] 3D frame: render=2.3ms tex=0.7ms total=2.9ms
[2026-10-02T19:39:11.907Z INFO  squarebob::app::treemap_view] 3D frame: render=2.2ms tex=0.7ms total=2.8ms
[2026-10-02T19:39:11.924Z INFO  squarebob::app::treemap_view] 3D frame: render=2.4ms tex=0.7ms total=3.1ms
[2026-10-02T19:39:11.940Z INFO  squarebob::app::treemap_view] 3D frame: render=2.2ms tex=0.6ms total=2.8ms
[2026-10-02T19:39:11.955Z INFO  squarebob::app::treemap_view] 3D frame: render=2.3ms tex=0.7ms total=2.9ms
[2026-10-02T19:39:11.971Z INFO  squarebob::app::treemap_view] 3D frame: render=2.4ms tex=0.7ms total=3.1ms
[2026-10-02T19:39:11.987Z INFO  squarebob::app::treemap_view] 3D frame: render=2.4ms tex=0.7ms total=3.1ms
[2026-10-02T19:39:12.003Z INFO  squarebob::app::treemap_view] 3D frame: render=2.2ms tex=0.7ms total=2.9ms
[2026-10-02T19:39:12.020Z INFO  squarebob::app::treemap_view] 3D frame: render=2.5ms tex=0.7ms total=3.2ms
[2026-10-02T19:39:12.036Z INFO  squarebob::app::treemap_view] 3D frame: render=2.3ms tex=0.6ms total=2.9ms
[2026-10-02T19:39:12.052Z INFO  squarebob::app::treemap_view] 3D frame: render=2.1ms tex=0.7ms total=2.8ms
[2026-10-02T19:39:12.068Z INFO  squarebob::app::treemap_view] 3D frame: render=2.3ms tex=0.7ms total=3.0ms
[2026-10-02T19:39:12.083Z INFO  squarebob::app::treemap_view] 3D frame: render=2.2ms tex=0.7ms total=2.9ms
[2026-10-02T19:39:12.100Z INFO  squarebob::app::treemap_view] 3D frame: render=2.2ms tex=0.8ms total=3.0ms
[2026-10-02T19:39:12.116Z INFO  squarebob::app::treemap_view] 3D frame: render=2.3ms tex=0.6ms total=2.9ms
[2026-10-02T19:39:12.133Z INFO  squarebob::app::treemap_view] 3D frame: render=2.4ms tex=0.7ms total=3.2ms
[2026-10-02T19:39:12.152Z INFO  squarebob::app::treemap_view] 3D frame: render=2.6ms tex=0.7ms total=3.3ms
[2026-10-02T19:39:12.169Z INFO  squarebob::app::treemap_view] 3D frame: render=2.4ms tex=0.7ms total=3.1ms
[2026-10-02T19:39:12.185Z INFO  squarebob::app::treemap_view] 3D frame: render=2.4ms tex=0.7ms total=3.1ms
[2026-10-02T19:39:12.201Z INFO  squarebob::app::treemap_view] 3D frame: render=2.4ms tex=0.7ms total=3.1ms
[2026-10-02T19:39:12.217Z INFO  squarebob::app::treemap_view] 3D frame: render=2.4ms tex=0.8ms total=3.2ms
[2026-10-02T19:39:12.234Z INFO  squarebob::app::treemap_view] 3D frame: render=2.5ms tex=0.7ms total=3.2ms
[2026-10-02T19:39:12.250Z INFO  squarebob::app::treemap_view] 3D frame: render=2.3ms tex=0.7ms total=3.0ms
[2026-10-02T19:39:12.267Z INFO  squarebob::app::treemap_view] 3D frame: render=2.5ms tex=0.7ms total=3.1ms
[2026-10-02T19:39:12.283Z INFO  squarebob::app::treemap_view] 3D frame: render=2.2ms tex=0.6ms total=2.9ms
[2026-10-02T19:39:12.299Z INFO  squarebob::app::treemap_view] 3D frame: render=2.5ms tex=0.9ms total=3.4ms
[2026-10-02T19:39:12.316Z INFO  squarebob::app::treemap_view] 3D frame: render=2.6ms tex=0.7ms total=3.3ms
[2026-10-02T19:39:12.333Z INFO  squarebob::app::treemap_view] 3D frame: render=2.6ms tex=0.8ms total=3.4ms
[2026-10-02T19:39:12.350Z INFO  squarebob::app::treemap_view] 3D frame: render=2.4ms tex=0.7ms total=3.1ms
[2026-10-02T19:39:12.367Z INFO  squarebob::app::treemap_view] 3D frame: render=2.7ms tex=0.7ms total=3.4ms
[2026-10-02T19:39:12.384Z INFO  squarebob::app::treemap_view] 3D frame: render=2.4ms tex=0.7ms total=3.0ms
[2026-10-02T19:39:12.401Z INFO  squarebob::app::treemap_view] 3D frame: render=2.6ms tex=1.1ms total=3.7ms
[2026-10-02T19:39:12.418Z INFO  squarebob::app::treemap_view] 3D frame: render=2.6ms tex=0.7ms total=3.4ms
[2026-10-02T19:39:12.435Z INFO  squarebob::app::treemap_view] 3D frame: render=2.4ms tex=0.7ms total=3.1ms
[2026-10-02T19:39:12.451Z INFO  squarebob::app::treemap_view] 3D frame: render=2.5ms tex=0.7ms total=3.2ms
[2026-10-02T19:39:12.467Z INFO  squarebob::app::treemap_view] 3D frame: render=2.3ms tex=0.7ms total=3.0ms
[2026-10-02T19:39:12.483Z INFO  squarebob::app::treemap_view] 3D frame: render=2.4ms tex=0.7ms total=3.1ms
[2026-10-02T19:39:12.500Z INFO  squarebob::app::treemap_view] 3D frame: render=2.4ms tex=0.7ms total=3.2ms
[2026-10-02T19:39:12.516Z INFO  squarebob::app::treemap_view] 3D frame: render=2.5ms tex=0.7ms total=3.2ms
[2026-10-02T19:39:12.533Z INFO  squarebob::app::treemap_view] 3D frame: render=2.5ms tex=0.7ms total=3.2ms
[2026-10-02T19:39:12.549Z INFO  squarebob::app::treemap_view] 3D frame: render=2.4ms tex=0.7ms total=3.1ms
[2026-10-02T19:39:12.566Z INFO  squarebob::app::treemap_view] 3D frame: render=2.4ms tex=0.7ms total=3.1ms
[2026-10-02T19:39:12.582Z INFO  squarebob::app::treemap_view] 3D frame: render=2.4ms tex=0.7ms total=3.1ms
[2026-10-02T19:39:12.599Z INFO  squarebob::app::treemap_view] 3D frame: render=2.6ms tex=0.7ms total=3.2ms
[2026-10-02T19:39:12.616Z INFO  squarebob::app::treemap_view] 3D frame: render=2.4ms tex=0.7ms total=3.1ms
[2026-10-02T19:39:12.632Z INFO  squarebob::app::treemap_view] 3D frame: render=2.6ms tex=0.7ms total=3.2ms
[2026-10-02T19:39:12.650Z INFO  squarebob::app::treemap_view] 3D frame: render=3.2ms tex=1.4ms total=4.5ms
[2026-10-02T19:39:12.667Z INFO  squarebob::app::treemap_view] 3D frame: render=2.6ms tex=0.7ms total=3.3ms
[2026-10-02T19:39:12.684Z INFO  squarebob::app::treemap_view] 3D frame: render=2.5ms tex=0.7ms total=3.2ms
[2026-10-02T19:39:12.700Z INFO  squarebob::app::treemap_view] 3D frame: render=2.4ms tex=0.7ms total=3.1ms
[2026-10-02T19:39:12.717Z INFO  squarebob::app::treemap_view] 3D frame: render=2.6ms tex=0.7ms total=3.4ms
[2026-10-02T19:39:12.733Z INFO  squarebob::app::treemap_view] 3D frame: render=2.5ms tex=0.7ms total=3.2ms
[2026-10-02T19:39:12.750Z INFO  squarebob::app::treemap_view] 3D frame: render=2.5ms tex=0.7ms total=3.2ms
[2026-10-02T19:39:12.767Z INFO  squarebob::app::treemap_view] 3D frame: render=2.5ms tex=0.7ms total=3.2ms
[2026-10-02T19:39:12.783Z INFO  squarebob::app::treemap_view] 3D frame: render=2.7ms tex=0.7ms total=3.4ms
[2026-10-02T19:39:12.800Z INFO  squarebob::app::treemap_view] 3D frame: render=2.4ms tex=0.7ms total=3.1ms
[2026-10-02T19:39:12.816Z INFO  squarebob::app::treemap_view] 3D frame: render=2.3ms tex=0.7ms total=3.0ms
[2026-10-02T19:39:12.833Z INFO  squarebob::app::treemap_view] 3D frame: render=2.6ms tex=0.7ms total=3.3ms
[2026-10-02T19:39:12.850Z INFO  squarebob::app::treemap_view] 3D frame: render=2.5ms tex=0.7ms total=3.1ms
[2026-10-02T19:39:12.868Z INFO  squarebob::app::treemap_view] 3D frame: render=2.7ms tex=0.7ms total=3.4ms
[2026-10-02T19:39:12.885Z INFO  squarebob::app::treemap_view] 3D frame: render=2.5ms tex=0.7ms total=3.2ms
[2026-10-02T19:39:12.902Z INFO  squarebob::app::treemap_view] 3D frame: render=2.3ms tex=0.6ms total=3.0ms
[2026-10-02T19:39:12.918Z INFO  squarebob::app::treemap_view] 3D frame: render=2.3ms tex=0.8ms total=3.0ms
[2026-10-02T19:39:12.935Z INFO  squarebob::app::treemap_view] 3D frame: render=2.4ms tex=0.7ms total=3.1ms
[2026-10-02T19:39:12.951Z INFO  squarebob::app::treemap_view] 3D frame: render=2.3ms tex=0.7ms total=2.9ms
[2026-10-02T19:39:12.968Z INFO  squarebob::app::treemap_view] 3D frame: render=2.3ms tex=0.7ms total=3.0ms
[2026-10-02T19:39:12.984Z INFO  squarebob::app::treemap_view] 3D frame: render=2.4ms tex=0.7ms total=3.1ms
[2026-10-02T19:39:13.000Z INFO  squarebob::app::treemap_view] 3D frame: render=2.4ms tex=0.7ms total=3.1ms
[2026-10-02T19:39:13.017Z INFO  squarebob::app::treemap_view] 3D frame: render=2.3ms tex=0.7ms total=3.0ms
[2026-10-02T19:39:13.033Z INFO  squarebob::app::treemap_view] 3D frame: render=2.5ms tex=0.7ms total=3.2ms
[2026-10-02T19:39:13.049Z INFO  squarebob::app::treemap_view] 3D frame: render=2.4ms tex=0.7ms total=3.1ms
[2026-10-02T19:39:13.066Z INFO  squarebob::app::treemap_view] 3D frame: render=3.0ms tex=0.7ms total=3.7ms
[2026-10-02T19:39:13.084Z INFO  squarebob::app::treemap_view] 3D frame: render=2.8ms tex=0.7ms total=3.5ms
[2026-10-02T19:39:13.102Z INFO  squarebob::app::treemap_view] 3D frame: render=2.4ms tex=0.8ms total=3.1ms
[2026-10-02T19:39:13.118Z INFO  squarebob::app::treemap_view] 3D frame: render=2.3ms tex=0.7ms total=3.0ms
[2026-10-02T19:39:13.135Z INFO  squarebob::app::treemap_view] 3D frame: render=2.5ms tex=0.7ms total=3.2ms
[2026-10-02T19:39:13.152Z INFO  squarebob::app::treemap_view] 3D frame: render=2.7ms tex=0.9ms total=3.6ms
[2026-10-02T19:39:13.169Z INFO  squarebob::app::treemap_view] 3D frame: render=2.2ms tex=0.8ms total=3.1ms
[2026-10-02T19:39:13.185Z INFO  squarebob::app::treemap_view] 3D frame: render=2.4ms tex=0.7ms total=3.0ms
[2026-10-02T19:39:13.201Z INFO  squarebob::app::treemap_view] 3D frame: render=2.4ms tex=0.7ms total=3.1ms
[2026-10-02T19:39:13.217Z INFO  squarebob::app::treemap_view] 3D frame: render=2.2ms tex=0.6ms total=2.8ms
[2026-10-02T19:39:13.235Z INFO  squarebob::app::treemap_view] 3D frame: render=3.1ms tex=0.7ms total=3.8ms
[2026-10-02T19:39:13.251Z INFO  squarebob::app::treemap_view] 3D frame: render=2.3ms tex=0.7ms total=3.0ms
[2026-10-02T19:39:13.267Z INFO  squarebob::app::treemap_view] 3D frame: render=2.4ms tex=0.7ms total=3.1ms
[2026-10-02T19:39:13.283Z INFO  squarebob::app::treemap_view] 3D frame: render=2.3ms tex=0.7ms total=3.0ms
[2026-10-02T19:39:13.300Z INFO  squarebob::app::treemap_view] 3D frame: render=2.2ms tex=0.7ms total=2.9ms
[2026-10-02T19:39:13.316Z INFO  squarebob::app::treemap_view] 3D frame: render=2.2ms tex=0.6ms total=2.9ms
[2026-10-02T19:39:13.331Z INFO  squarebob::app::treemap_view] 3D frame: render=2.4ms tex=0.7ms total=3.1ms
[2026-10-02T19:39:13.348Z INFO  squarebob::app::treemap_view] 3D frame: render=2.6ms tex=0.6ms total=3.2ms
[2026-10-02T19:39:13.364Z INFO  squarebob::app::treemap_view] 3D frame: render=2.1ms tex=0.8ms total=2.9ms
[2026-10-02T19:39:13.380Z INFO  squarebob::app::treemap_view] 3D frame: render=2.3ms tex=0.7ms total=2.9ms
[2026-10-02T19:39:13.397Z INFO  squarebob::app::treemap_view] 3D frame: render=2.2ms tex=0.7ms total=2.8ms
[2026-10-02T19:39:13.412Z INFO  squarebob::app::treemap_view] 3D frame: render=2.2ms tex=0.7ms total=2.8ms
[2026-10-02T19:39:13.428Z INFO  squarebob::app::treemap_view] 3D frame: render=2.3ms tex=0.7ms total=3.0ms
[2026-10-02T19:39:13.444Z INFO  squarebob::app::treemap_view] 3D frame: render=2.2ms tex=0.7ms total=2.9ms
[2026-10-02T19:39:13.459Z INFO  squarebob::app::treemap_view] 3D frame: render=2.1ms tex=0.7ms total=2.8ms
[2026-10-02T19:39:13.475Z INFO  squarebob::app::treemap_view] 3D frame: render=2.3ms tex=0.7ms total=2.9ms
[2026-10-02T19:39:13.491Z INFO  squarebob::app::treemap_view] 3D frame: render=2.3ms tex=0.7ms total=3.0ms
[2026-10-02T19:39:13.508Z INFO  squarebob::app::treemap_view] 3D frame: render=2.3ms tex=0.7ms total=3.0ms
[2026-10-02T19:39:13.524Z INFO  squarebob::app::treemap_view] 3D frame: render=2.2ms tex=0.6ms total=2.9ms
[2026-10-02T19:39:13.540Z INFO  squarebob::app::treemap_view] 3D frame: render=2.3ms tex=0.6ms total=3.0ms
[2026-10-02T19:39:13.556Z INFO  squarebob::app::treemap_view] 3D frame: render=2.4ms tex=0.7ms total=3.1ms
[2026-10-02T19:39:13.573Z INFO  squarebob::app::treemap_view] 3D frame: render=2.2ms tex=0.6ms total=2.9ms
[2026-10-02T19:39:13.589Z INFO  squarebob::app::treemap_view] 3D frame: render=2.5ms tex=0.7ms total=3.2ms
[2026-10-02T19:39:13.607Z INFO  squarebob::app::treemap_view] 3D frame: render=2.4ms tex=0.7ms total=3.0ms
[2026-10-02T19:39:13.623Z INFO  squarebob::app::treemap_view] 3D frame: render=2.5ms tex=0.7ms total=3.2ms
[2026-10-02T19:39:13.639Z INFO  squarebob::app::treemap_view] 3D frame: render=2.3ms tex=0.6ms total=3.0ms
[2026-10-02T19:39:13.656Z INFO  squarebob::app::treemap_view] 3D frame: render=2.3ms tex=0.6ms total=2.9ms
[2026-10-02T19:39:13.672Z INFO  squarebob::app::treemap_view] 3D frame: render=2.2ms tex=0.7ms total=2.9ms
[2026-10-02T19:39:13.689Z INFO  squarebob::app::treemap_view] 3D frame: render=2.5ms tex=0.7ms total=3.2ms
[2026-10-02T19:39:13.705Z INFO  squarebob::app::treemap_view] 3D frame: render=2.2ms tex=0.6ms total=2.9ms
[2026-10-02T19:39:13.721Z INFO  squarebob::app::treemap_view] 3D frame: render=2.3ms tex=0.7ms total=3.0ms
[2026-10-02T19:39:13.738Z INFO  squarebob::app::treemap_view] 3D frame: render=2.5ms tex=0.7ms total=3.1ms
[2026-10-02T19:39:13.754Z INFO  squarebob::app::treemap_view] 3D frame: render=2.2ms tex=0.7ms total=2.9ms
[2026-10-02T19:39:13.770Z INFO  squarebob::app::treemap_view] 3D frame: render=2.1ms tex=0.6ms total=2.8ms
[2026-10-02T19:39:13.786Z INFO  squarebob::app::treemap_view] 3D frame: render=2.7ms tex=0.7ms total=3.4ms
[2026-10-02T19:39:13.803Z INFO  squarebob::app::treemap_view] 3D frame: render=2.4ms tex=0.7ms total=3.0ms
[2026-10-02T19:39:13.819Z INFO  squarebob::app::treemap_view] 3D frame: render=2.8ms tex=0.7ms total=3.4ms
[2026-10-02T19:39:13.837Z INFO  squarebob::app::treemap_view] 3D frame: render=2.5ms tex=0.7ms total=3.2ms
[2026-10-02T19:39:13.853Z INFO  squarebob::app::treemap_view] 3D frame: render=2.4ms tex=0.7ms total=3.0ms
[2026-10-02T19:39:13.870Z INFO  squarebob::app::treemap_view] 3D frame: render=2.2ms tex=0.7ms total=2.9ms
[2026-10-02T19:39:13.886Z INFO  squarebob::app::treemap_view] 3D frame: render=2.6ms tex=0.7ms total=3.3ms
[2026-10-02T19:39:13.903Z INFO  squarebob::app::treemap_view] 3D frame: render=2.2ms tex=0.6ms total=2.9ms
[2026-10-02T19:39:13.919Z INFO  squarebob::app::treemap_view] 3D frame: render=2.3ms tex=0.6ms total=2.9ms
[2026-10-02T19:39:13.935Z INFO  squarebob::app::treemap_view] 3D frame: render=2.3ms tex=0.7ms total=3.0ms
[2026-10-02T19:39:13.951Z INFO  squarebob::app::treemap_view] 3D frame: render=2.3ms tex=0.8ms total=3.0ms
[2026-10-02T19:39:13.968Z INFO  squarebob::app::treemap_view] 3D frame: render=2.2ms tex=0.7ms total=2.9ms
[2026-10-02T19:39:13.984Z INFO  squarebob::app::treemap_view] 3D frame: render=2.4ms tex=0.7ms total=3.1ms
[2026-10-02T19:39:14.001Z INFO  squarebob::app::treemap_view] 3D frame: render=2.2ms tex=0.7ms total=2.9ms
[2026-10-02T19:39:14.017Z INFO  squarebob::app::treemap_view] 3D frame: render=2.5ms tex=0.7ms total=3.1ms
[2026-10-02T19:39:14.034Z INFO  squarebob::app::treemap_view] 3D frame: render=2.4ms tex=0.6ms total=3.0ms
[2026-10-02T19:39:14.050Z INFO  squarebob::app::treemap_view] 3D frame: render=2.3ms tex=0.7ms total=3.0ms
[2026-10-02T19:39:14.067Z INFO  squarebob::app::treemap_view] 3D frame: render=2.3ms tex=0.9ms total=3.2ms
[2026-10-02T19:39:14.083Z INFO  squarebob::app::treemap_view] 3D frame: render=2.2ms tex=0.7ms total=2.9ms
[2026-10-02T19:39:14.099Z INFO  squarebob::app::treemap_view] 3D frame: render=2.3ms tex=0.7ms total=3.0ms
[2026-10-02T19:39:14.115Z INFO  squarebob::app::treemap_view] 3D frame: render=2.2ms tex=0.6ms total=2.8ms
[2026-10-02T19:39:14.131Z INFO  squarebob::app::treemap_view] 3D frame: render=2.7ms tex=0.7ms total=3.3ms
[2026-10-02T19:39:14.148Z INFO  squarebob::app::treemap_view] 3D frame: render=2.5ms tex=0.7ms total=3.2ms
[2026-10-02T19:39:14.165Z INFO  squarebob::app::treemap_view] 3D frame: render=2.4ms tex=0.7ms total=3.1ms
[2026-10-02T19:39:14.181Z INFO  squarebob::app::treemap_view] 3D frame: render=2.4ms tex=0.7ms total=3.0ms
[2026-10-02T19:39:14.198Z INFO  squarebob::app::treemap_view] 3D frame: render=2.5ms tex=0.7ms total=3.2ms
[2026-10-02T19:39:14.214Z INFO  squarebob::app::treemap_view] 3D frame: render=2.1ms tex=0.8ms total=2.9ms
[2026-10-02T19:39:14.231Z INFO  squarebob::app::treemap_view] 3D frame: render=2.6ms tex=0.7ms total=3.3ms
[2026-10-02T19:39:14.248Z INFO  squarebob::app::treemap_view] 3D frame: render=2.3ms tex=0.6ms total=2.9ms
[2026-10-02T19:39:14.264Z INFO  squarebob::app::treemap_view] 3D frame: render=1.9ms tex=0.8ms total=2.8ms
[2026-10-02T19:39:14.281Z INFO  squarebob::app::treemap_view] 3D frame: render=2.1ms tex=0.8ms total=2.9ms
[2026-10-02T19:39:14.297Z INFO  squarebob::app::treemap_view] 3D frame: render=2.2ms tex=0.6ms total=2.9ms
[2026-10-02T19:39:14.313Z INFO  squarebob::app::treemap_view] 3D frame: render=2.2ms tex=0.7ms total=2.9ms
[2026-10-02T19:39:14.329Z INFO  squarebob::app::treemap_view] 3D frame: render=2.5ms tex=0.7ms total=3.1ms
[2026-10-02T19:39:14.346Z INFO  squarebob::app::treemap_view] 3D frame: render=2.3ms tex=0.6ms total=2.9ms
[2026-10-02T19:39:14.362Z INFO  squarebob::app::treemap_view] 3D frame: render=2.2ms tex=0.7ms total=2.9ms
[2026-10-02T19:39:14.379Z INFO  squarebob::app::treemap_view] 3D frame: render=2.5ms tex=0.7ms total=3.2ms
[2026-10-02T19:39:14.396Z INFO  squarebob::app::treemap_view] 3D frame: render=2.2ms tex=0.7ms total=2.9ms
[2026-10-02T19:39:14.412Z INFO  squarebob::app::treemap_view] 3D frame: render=2.3ms tex=0.7ms total=3.0ms
[2026-10-02T19:39:14.429Z INFO  squarebob::app::treemap_view] 3D frame: render=2.4ms tex=0.7ms total=3.0ms
[2026-10-02T19:39:14.445Z INFO  squarebob::app::treemap_view] 3D frame: render=2.3ms tex=0.7ms total=3.0ms
[2026-10-02T19:39:14.462Z INFO  squarebob::app::treemap_view] 3D frame: render=2.1ms tex=0.6ms total=2.8ms
[2026-10-02T19:39:14.478Z INFO  squarebob::app::treemap_view] 3D frame: render=2.6ms tex=0.7ms total=3.3ms
[2026-10-02T19:39:14.495Z INFO  squarebob::app::treemap_view] 3D frame: render=2.3ms tex=0.7ms total=2.9ms
[2026-10-02T19:39:14.511Z INFO  squarebob::app::treemap_view] 3D frame: render=2.4ms tex=0.7ms total=3.1ms
[2026-10-02T19:39:14.528Z INFO  squarebob::app::treemap_view] 3D frame: render=2.3ms tex=0.7ms total=3.0ms
[2026-10-02T19:39:14.544Z INFO  squarebob::app::treemap_view] 3D frame: render=2.3ms tex=0.7ms total=3.0ms
[2026-10-02T19:39:14.560Z INFO  squarebob::app::treemap_view] 3D frame: render=2.4ms tex=0.6ms total=3.1ms
[2026-10-02T19:39:14.576Z INFO  squarebob::app::treemap_view] 3D frame: render=2.4ms tex=0.7ms total=3.0ms
[2026-10-02T19:39:14.592Z INFO  squarebob::app::treemap_view] 3D frame: render=2.2ms tex=0.7ms total=2.8ms
[2026-10-02T19:39:14.609Z INFO  squarebob::app::treemap_view] 3D frame: render=2.3ms tex=0.7ms total=3.0ms
[2026-10-02T19:39:14.625Z INFO  squarebob::app::treemap_view] 3D frame: render=2.3ms tex=0.7ms total=3.1ms
[2026-10-02T19:39:14.642Z INFO  squarebob::app::treemap_view] 3D frame: render=2.2ms tex=0.7ms total=2.8ms
[2026-10-02T19:39:14.658Z INFO  squarebob::app::treemap_view] 3D frame: render=2.3ms tex=0.7ms total=3.0ms
[2026-10-02T19:39:14.674Z INFO  squarebob::app::treemap_view] 3D frame: render=2.2ms tex=0.6ms total=2.9ms
[2026-10-02T19:39:14.690Z INFO  squarebob::app::treemap_view] 3D frame: render=2.3ms tex=0.7ms total=2.9ms
[2026-10-02T19:39:14.706Z INFO  squarebob::app::treemap_view] 3D frame: render=2.1ms tex=0.7ms total=2.8ms
[2026-10-02T19:39:14.723Z INFO  squarebob::app::treemap_view] 3D frame: render=2.5ms tex=0.7ms total=3.3ms
[2026-10-02T19:39:14.739Z INFO  squarebob::app::treemap_view] 3D frame: render=2.2ms tex=0.6ms total=2.8ms
[2026-10-02T19:39:14.755Z INFO  squarebob::app::treemap_view] 3D frame: render=2.2ms tex=0.7ms total=2.9ms
[2026-10-02T19:39:14.771Z INFO  squarebob::app::treemap_view] 3D frame: render=2.4ms tex=0.7ms total=3.2ms
[2026-10-02T19:39:14.788Z INFO  squarebob::app::treemap_view] 3D frame: render=2.3ms tex=0.7ms total=3.0ms
[2026-10-02T19:39:14.804Z INFO  squarebob::app::treemap_view] 3D frame: render=2.2ms tex=0.7ms total=2.9ms
[2026-10-02T19:39:14.820Z INFO  squarebob::app::treemap_view] 3D frame: render=2.4ms tex=0.7ms total=3.1ms
[2026-10-02T19:39:14.837Z INFO  squarebob::app::treemap_view] 3D frame: render=2.2ms tex=0.6ms total=2.9ms
[2026-10-02T19:39:14.852Z INFO  squarebob::app::treemap_view] 3D frame: render=2.3ms tex=0.6ms total=2.9ms
[2026-10-02T19:39:14.869Z INFO  squarebob::app::treemap_view] 3D frame: render=2.3ms tex=0.6ms total=3.0ms
[2026-10-02T19:39:14.884Z INFO  squarebob::app::treemap_view] 3D frame: render=2.1ms tex=0.7ms total=2.7ms
[2026-10-02T19:39:14.901Z INFO  squarebob::app::treemap_view] 3D frame: render=2.4ms tex=0.7ms total=3.1ms
[2026-10-02T19:39:14.917Z INFO  squarebob::app::treemap_view] 3D frame: render=2.1ms tex=0.6ms total=2.8ms
[2026-10-02T19:39:14.933Z INFO  squarebob::app::treemap_view] 3D frame: render=2.2ms tex=0.6ms total=2.8ms
[2026-10-02T19:39:14.949Z INFO  squarebob::app::treemap_view] 3D frame: render=2.4ms tex=0.8ms total=3.1ms
[2026-10-02T19:39:14.965Z INFO  squarebob::app::treemap_view] 3D frame: render=2.2ms tex=0.6ms total=2.9ms
[2026-10-02T19:39:14.981Z INFO  squarebob::app::treemap_view] 3D frame: render=2.5ms tex=0.7ms total=3.2ms
[2026-10-02T19:39:14.998Z INFO  squarebob::app::treemap_view] 3D frame: render=2.3ms tex=0.7ms total=3.0ms
[2026-10-02T19:39:15.014Z INFO  squarebob::app::treemap_view] 3D frame: render=2.3ms tex=0.7ms total=3.0ms
[2026-10-02T19:39:15.031Z INFO  squarebob::app::treemap_view] 3D frame: render=2.3ms tex=0.8ms total=3.1ms
[2026-10-02T19:39:15.048Z INFO  squarebob::app::treemap_view] 3D frame: render=2.4ms tex=0.7ms total=3.1ms
[2026-10-02T19:39:15.064Z INFO  squarebob::app::treemap_view] 3D frame: render=2.4ms tex=0.8ms total=3.1ms
[2026-10-02T19:39:15.081Z INFO  squarebob::app::treemap_view] 3D frame: render=2.5ms tex=0.8ms total=3.3ms
[2026-10-02T19:39:15.098Z INFO  squarebob::app::treemap_view] 3D frame: render=2.2ms tex=0.8ms total=3.0ms
[2026-10-02T19:39:15.114Z INFO  squarebob::app::treemap_view] 3D frame: render=2.1ms tex=0.8ms total=2.9ms
[2026-10-02T19:39:15.130Z INFO  squarebob::app::treemap_view] 3D frame: render=2.4ms tex=0.7ms total=3.1ms
[2026-10-02T19:39:15.146Z INFO  squarebob::app::treemap_view] 3D frame: render=2.3ms tex=0.7ms total=3.0ms
[2026-10-02T19:39:15.162Z INFO  squarebob::app::treemap_view] 3D frame: render=2.2ms tex=0.7ms total=2.9ms
[2026-10-02T19:39:15.179Z INFO  squarebob::app::treemap_view] 3D frame: render=2.6ms tex=0.8ms total=3.4ms
[2026-10-02T19:39:15.195Z INFO  squarebob::app::treemap_view] 3D frame: render=2.2ms tex=0.6ms total=2.8ms
[2026-10-02T19:39:15.212Z INFO  squarebob::app::treemap_view] 3D frame: render=2.3ms tex=0.7ms total=2.9ms
[2026-10-02T19:39:15.227Z INFO  squarebob::app::treemap_view] 3D frame: render=2.2ms tex=0.7ms total=2.9ms
[2026-10-02T19:39:15.244Z INFO  squarebob::app::treemap_view] 3D frame: render=2.4ms tex=0.7ms total=3.0ms
[2026-10-02T19:39:15.259Z INFO  squarebob::app::treemap_view] 3D frame: render=2.1ms tex=0.7ms total=2.8ms
[2026-10-02T19:39:15.275Z INFO  squarebob::app::treemap_view] 3D frame: render=2.4ms tex=0.8ms total=3.1ms
[2026-10-02T19:39:15.292Z INFO  squarebob::app::treemap_view] 3D frame: render=2.1ms tex=0.7ms total=2.8ms
[2026-10-02T19:39:15.308Z INFO  squarebob::app::treemap_view] 3D frame: render=2.4ms tex=0.7ms total=3.0ms
[2026-10-02T19:39:15.324Z INFO  squarebob::app::treemap_view] 3D frame: render=2.3ms tex=0.7ms total=2.9ms
[2026-10-02T19:39:15.340Z INFO  squarebob::app::treemap_view] 3D frame: render=2.4ms tex=0.7ms total=3.0ms
[2026-10-02T19:39:15.357Z INFO  squarebob::app::treemap_view] 3D frame: render=2.4ms tex=0.7ms total=3.1ms
[2026-10-02T19:39:15.373Z INFO  squarebob::app::treemap_view] 3D frame: render=2.4ms tex=0.7ms total=3.1ms
[2026-10-02T19:39:15.389Z INFO  squarebob::app::treemap_view] 3D frame: render=2.4ms tex=0.8ms total=3.2ms
[2026-10-02T19:39:15.405Z INFO  squarebob::app::treemap_view] 3D frame: render=2.2ms tex=0.8ms total=3.0ms
[2026-10-02T19:39:15.424Z INFO  squarebob::app::treemap_view] 3D frame: render=2.4ms tex=0.7ms total=3.1ms
[2026-10-02T19:39:15.440Z INFO  squarebob::app::treemap_view] 3D frame: render=2.3ms tex=0.7ms total=3.0ms
[2026-10-02T19:39:15.456Z INFO  squarebob::app::treemap_view] 3D frame: render=2.4ms tex=0.6ms total=3.1ms
[2026-10-02T19:39:15.472Z INFO  squarebob::app::treemap_view] 3D frame: render=2.2ms tex=0.8ms total=3.0ms
[2026-10-02T19:39:15.488Z INFO  squarebob::app::treemap_view] 3D frame: render=2.3ms tex=0.7ms total=3.0ms
[2026-10-02T19:39:15.504Z INFO  squarebob::app::treemap_view] 3D frame: render=2.2ms tex=0.6ms total=2.8ms
[2026-10-02T19:39:15.522Z INFO  squarebob::app::treemap_view] 3D frame: render=2.7ms tex=0.8ms total=3.5ms
[2026-10-02T19:39:15.539Z INFO  squarebob::app::treemap_view] 3D frame: render=2.5ms tex=0.8ms total=3.3ms
[2026-10-02T19:39:15.555Z INFO  squarebob::app::treemap_view] 3D frame: render=2.3ms tex=0.6ms total=2.9ms
[2026-10-02T19:39:15.572Z INFO  squarebob::app::treemap_view] 3D frame: render=2.6ms tex=0.7ms total=3.3ms
[2026-10-02T19:39:15.590Z INFO  squarebob::app::treemap_view] 3D frame: render=2.7ms tex=0.7ms total=3.4ms
[2026-10-02T19:39:15.606Z INFO  squarebob::app::treemap_view] 3D frame: render=2.3ms tex=0.7ms total=3.0ms
[2026-10-02T19:39:15.623Z INFO  squarebob::app::treemap_view] 3D frame: render=2.4ms tex=0.7ms total=3.1ms
[2026-10-02T19:39:15.641Z INFO  squarebob::app::treemap_view] 3D frame: render=2.6ms tex=0.7ms total=3.3ms
[2026-10-02T19:39:15.659Z INFO  squarebob::app::treemap_view] 3D frame: render=2.4ms tex=0.7ms total=3.1ms
[2026-10-02T19:39:15.675Z INFO  squarebob::app::treemap_view] 3D frame: render=2.5ms tex=0.7ms total=3.2ms
[2026-10-02T19:39:15.693Z INFO  squarebob::app::treemap_view] 3D frame: render=2.5ms tex=0.8ms total=3.2ms
[2026-10-02T19:39:15.709Z INFO  squarebob::app::treemap_view] 3D frame: render=2.3ms tex=0.7ms total=3.0ms
[2026-10-02T19:39:15.726Z INFO  squarebob::app::treemap_view] 3D frame: render=2.4ms tex=0.7ms total=3.1ms
[2026-10-02T19:39:15.743Z INFO  squarebob::app::treemap_view] 3D frame: render=2.8ms tex=0.7ms total=3.6ms
[2026-10-02T19:39:15.759Z INFO  squarebob::app::treemap_view] 3D frame: render=2.2ms tex=0.7ms total=2.9ms
[2026-10-02T19:39:15.775Z INFO  squarebob::app::treemap_view] 3D frame: render=2.4ms tex=0.7ms total=3.0ms
[2026-10-02T19:39:15.792Z INFO  squarebob::app::treemap_view] 3D frame: render=2.4ms tex=0.6ms total=3.0ms
[2026-10-02T19:39:15.808Z INFO  squarebob::app::treemap_view] 3D frame: render=2.2ms tex=0.6ms total=2.8ms
[2026-10-02T19:39:15.824Z INFO  squarebob::app::treemap_view] 3D frame: render=2.5ms tex=0.7ms total=3.2ms
[2026-10-02T19:39:15.840Z INFO  squarebob::app::treemap_view] 3D frame: render=2.2ms tex=0.6ms total=2.9ms
[2026-10-02T19:39:15.856Z INFO  squarebob::app::treemap_view] 3D frame: render=2.0ms tex=0.8ms total=2.9ms
[2026-10-02T19:39:15.872Z INFO  squarebob::app::treemap_view] 3D frame: render=2.4ms tex=0.7ms total=3.0ms
[2026-10-02T19:39:15.888Z INFO  squarebob::app::treemap_view] 3D frame: render=2.2ms tex=0.7ms total=2.9ms
[2026-10-02T19:39:15.904Z INFO  squarebob::app::treemap_view] 3D frame: render=2.2ms tex=0.7ms total=2.9ms
[2026-10-02T19:39:15.919Z INFO  squarebob::app::treemap_view] 3D frame: render=2.1ms tex=0.7ms total=2.8ms
[2026-10-02T19:39:15.935Z INFO  squarebob::app::treemap_view] 3D frame: render=2.2ms tex=0.6ms total=2.9ms
[2026-10-02T19:39:15.951Z INFO  squarebob::app::treemap_view] 3D frame: render=2.2ms tex=0.6ms total=2.8ms
[2026-10-02T19:39:15.967Z INFO  squarebob::app::treemap_view] 3D frame: render=2.2ms tex=0.7ms total=2.9ms
[2026-10-02T19:39:15.982Z INFO  squarebob::app::treemap_view] 3D frame: render=2.1ms tex=0.6ms total=2.8ms
[2026-10-02T19:39:15.999Z INFO  squarebob::app::treemap_view] 3D frame: render=2.5ms tex=0.7ms total=3.2ms
[2026-10-02T19:39:16.016Z INFO  squarebob::app::treemap_view] 3D frame: render=2.3ms tex=0.7ms total=3.0ms
[2026-10-02T19:39:16.032Z INFO  squarebob::app::treemap_view] 3D frame: render=2.6ms tex=0.7ms total=3.3ms
[2026-10-02T19:39:16.050Z INFO  squarebob::app::treemap_view] 3D frame: render=2.3ms tex=0.7ms total=2.9ms
[2026-10-02T19:39:16.066Z INFO  squarebob::app::treemap_view] 3D frame: render=2.6ms tex=0.9ms total=3.5ms
[2026-10-02T19:39:16.084Z INFO  squarebob::app::treemap_view] 3D frame: render=2.4ms tex=0.7ms total=3.1ms
[2026-10-02T19:39:16.101Z INFO  squarebob::app::treemap_view] 3D frame: render=2.6ms tex=0.8ms total=3.4ms
[2026-10-02T19:39:16.118Z INFO  squarebob::app::treemap_view] 3D frame: render=2.2ms tex=0.6ms total=2.8ms
[2026-10-02T19:39:16.133Z INFO  squarebob::app::treemap_view] 3D frame: render=2.5ms tex=0.7ms total=3.1ms
[2026-10-02T19:39:16.150Z INFO  squarebob::app::treemap_view] 3D frame: render=2.2ms tex=0.6ms total=2.9ms
[2026-10-02T19:39:16.165Z INFO  squarebob::app::treemap_view] 3D frame: render=2.1ms tex=0.6ms total=2.8ms
[2026-10-02T19:39:16.181Z INFO  squarebob::app::treemap_view] 3D frame: render=2.4ms tex=0.7ms total=3.0ms
[2026-10-02T19:39:16.197Z INFO  squarebob::app::treemap_view] 3D frame: render=2.1ms tex=0.6ms total=2.7ms
[2026-10-02T19:39:16.214Z INFO  squarebob::app::treemap_view] 3D frame: render=2.4ms tex=0.7ms total=3.1ms
[2026-10-02T19:39:16.231Z INFO  squarebob::app::treemap_view] 3D frame: render=2.5ms tex=1.1ms total=3.6ms
[2026-10-02T19:39:16.248Z INFO  squarebob::app::treemap_view] 3D frame: render=2.8ms tex=0.7ms total=3.5ms
[2026-10-02T19:39:16.266Z INFO  squarebob::app::treemap_view] 3D frame: render=2.8ms tex=0.6ms total=3.4ms
[2026-10-02T19:39:16.284Z INFO  squarebob::app::treemap_view] 3D frame: render=2.5ms tex=0.8ms total=3.3ms
[2026-10-02T19:39:16.300Z INFO  squarebob::app::treemap_view] 3D frame: render=2.2ms tex=0.6ms total=2.8ms
[2026-10-02T19:39:16.317Z INFO  squarebob::app::treemap_view] 3D frame: render=2.8ms tex=0.8ms total=3.6ms
[2026-10-02T19:39:16.335Z INFO  squarebob::app::treemap_view] 3D frame: render=2.3ms tex=0.7ms total=3.0ms
[2026-10-02T19:39:16.351Z INFO  squarebob::app::treemap_view] 3D frame: render=2.4ms tex=0.6ms total=3.0ms
[2026-10-02T19:39:16.367Z INFO  squarebob::app::treemap_view] 3D frame: render=2.3ms tex=0.7ms total=3.0ms
[2026-10-02T19:39:16.383Z INFO  squarebob::app::treemap_view] 3D frame: render=2.7ms tex=0.7ms total=3.4ms
[2026-10-02T19:39:16.399Z INFO  squarebob::app::treemap_view] 3D frame: render=2.2ms tex=0.6ms total=2.8ms
[2026-10-02T19:39:16.416Z INFO  squarebob::app::treemap_view] 3D frame: render=3.0ms tex=0.7ms total=3.7ms
[2026-10-02T19:39:16.433Z INFO  squarebob::app::treemap_view] 3D frame: render=2.2ms tex=0.7ms total=2.9ms
[2026-10-02T19:39:16.450Z INFO  squarebob::app::treemap_view] 3D frame: render=2.3ms tex=0.7ms total=3.0ms
[2026-10-02T19:39:16.466Z INFO  squarebob::app::treemap_view] 3D frame: render=2.3ms tex=0.7ms total=3.0ms
[2026-10-02T19:39:16.482Z INFO  squarebob::app::treemap_view] 3D frame: render=2.8ms tex=0.6ms total=3.5ms
[2026-10-02T19:39:16.499Z INFO  squarebob::app::treemap_view] 3D frame: render=2.2ms tex=0.7ms total=2.9ms
[2026-10-02T19:39:16.515Z INFO  squarebob::app::treemap_view] 3D frame: render=2.5ms tex=0.7ms total=3.2ms
[2026-10-02T19:39:16.533Z INFO  squarebob::app::treemap_view] 3D frame: render=2.6ms tex=0.8ms total=3.5ms
[2026-10-02T19:39:16.549Z INFO  squarebob::app::treemap_view] 3D frame: render=2.2ms tex=0.7ms total=2.9ms
[2026-10-02T19:39:16.567Z INFO  squarebob::app::treemap_view] 3D frame: render=2.7ms tex=0.7ms total=3.4ms
[2026-10-02T19:39:16.583Z INFO  squarebob::app::treemap_view] 3D frame: render=2.0ms tex=0.9ms total=2.8ms
[2026-10-02T19:39:16.599Z INFO  squarebob::app::treemap_view] 3D frame: render=2.2ms tex=0.6ms total=2.9ms
[2026-10-02T19:39:16.614Z INFO  squarebob::app::treemap_view] 3D frame: render=2.0ms tex=0.6ms total=2.6ms
[2026-10-02T19:39:16.630Z INFO  squarebob::app::treemap_view] 3D frame: render=2.0ms tex=0.6ms total=2.6ms
[2026-10-02T19:39:16.647Z INFO  squarebob::app::treemap_view] 3D frame: render=2.0ms tex=0.8ms total=2.8ms
[2026-10-02T19:39:16.663Z INFO  squarebob::app::treemap_view] 3D frame: render=2.6ms tex=0.7ms total=3.3ms
[2026-10-02T19:39:16.679Z INFO  squarebob::app::treemap_view] 3D frame: render=2.3ms tex=0.7ms total=2.9ms
[2026-10-02T19:39:16.695Z INFO  squarebob::app::treemap_view] 3D frame: render=2.2ms tex=0.7ms total=2.9ms
[2026-10-02T19:39:16.711Z INFO  squarebob::app::treemap_view] 3D frame: render=2.1ms tex=0.6ms total=2.7ms
[2026-10-02T19:39:16.727Z INFO  squarebob::app::treemap_view] 3D frame: render=2.6ms tex=1.0ms total=3.5ms
[2026-10-02T19:39:16.745Z INFO  squarebob::app::treemap_view] 3D frame: render=2.6ms tex=0.6ms total=3.2ms
[2026-10-02T19:39:16.762Z INFO  squarebob::app::treemap_view] 3D frame: render=2.6ms tex=0.8ms total=3.5ms
[2026-10-02T19:39:16.779Z INFO  squarebob::app::treemap_view] 3D frame: render=2.1ms tex=0.9ms total=3.0ms
[2026-10-02T19:39:16.795Z INFO  squarebob::app::treemap_view] 3D frame: render=2.1ms tex=0.6ms total=2.7ms
[2026-10-02T19:39:16.811Z INFO  squarebob::app::treemap_view] 3D frame: render=2.1ms tex=0.8ms total=3.0ms
[2026-10-02T19:39:16.828Z INFO  squarebob::app::treemap_view] 3D frame: render=2.8ms tex=0.6ms total=3.4ms
[2026-10-02T19:39:16.846Z INFO  squarebob::app::treemap_view] 3D frame: render=1.9ms tex=1.1ms total=3.0ms
[2026-10-02T19:39:16.863Z INFO  squarebob::app::treemap_view] 3D frame: render=3.2ms tex=0.7ms total=3.9ms
[2026-10-02T19:39:16.881Z INFO  squarebob::app::treemap_view] 3D frame: render=2.3ms tex=0.9ms total=3.2ms
[2026-10-02T19:39:16.898Z INFO  squarebob::app::treemap_view] 3D frame: render=2.6ms tex=0.6ms total=3.3ms
[2026-10-02T19:39:16.917Z INFO  squarebob::app::treemap_view] 3D frame: render=3.0ms tex=0.7ms total=3.6ms
[2026-10-02T19:39:16.933Z INFO  squarebob::app::treemap_view] 3D frame: render=2.0ms tex=0.8ms total=2.8ms
[2026-10-02T19:39:16.950Z INFO  squarebob::app::treemap_view] 3D frame: render=2.0ms tex=0.8ms total=2.8ms
[2026-10-02T19:39:16.965Z INFO  squarebob::app::treemap_view] 3D frame: render=2.1ms tex=0.8ms total=2.9ms
[2026-10-02T19:39:16.981Z INFO  squarebob::app::treemap_view] 3D frame: render=2.0ms tex=0.8ms total=2.8ms
[2026-10-02T19:39:16.997Z INFO  squarebob::app::treemap_view] 3D frame: render=2.0ms tex=0.6ms total=2.6ms
[2026-10-02T19:39:17.014Z INFO  squarebob::app::treemap_view] 3D frame: render=2.2ms tex=0.6ms total=2.8ms
[2026-10-02T19:39:17.030Z INFO  squarebob::app::treemap_view] 3D frame: render=2.1ms tex=0.8ms total=2.8ms
[2026-10-02T19:39:17.047Z INFO  squarebob::app::treemap_view] 3D frame: render=2.6ms tex=0.7ms total=3.3ms
[2026-10-02T19:39:17.064Z INFO  squarebob::app::treemap_view] 3D frame: render=2.3ms tex=0.7ms total=3.0ms
[2026-10-02T19:39:17.080Z INFO  squarebob::app::treemap_view] 3D frame: render=2.3ms tex=0.7ms total=2.9ms
[2026-10-02T19:39:17.096Z INFO  squarebob::app::treemap_view] 3D frame: render=2.5ms tex=0.8ms total=3.4ms
[2026-10-02T19:39:17.114Z INFO  squarebob::app::treemap_view] 3D frame: render=2.6ms tex=0.7ms total=3.3ms
[2026-10-02T19:39:17.132Z INFO  squarebob::app::treemap_view] 3D frame: render=2.2ms tex=0.7ms total=2.9ms
[2026-10-02T19:39:17.148Z INFO  squarebob::app::treemap_view] 3D frame: render=2.3ms tex=0.9ms total=3.2ms
[2026-10-02T19:39:17.164Z INFO  squarebob::app::treemap_view] 3D frame: render=2.1ms tex=0.6ms total=2.7ms
[2026-10-02T19:39:17.180Z INFO  squarebob::app::treemap_view] 3D frame: render=2.3ms tex=0.6ms total=2.9ms
[2026-10-02T19:39:17.196Z INFO  squarebob::app::treemap_view] 3D frame: render=2.0ms tex=0.8ms total=2.8ms
[2026-10-02T19:39:17.212Z INFO  squarebob::app::treemap_view] 3D frame: render=2.1ms tex=0.8ms total=2.9ms
[2026-10-02T19:39:17.229Z INFO  squarebob::app::treemap_view] 3D frame: render=2.3ms tex=0.7ms total=3.0ms
[2026-10-02T19:39:17.245Z INFO  squarebob::app::treemap_view] 3D frame: render=2.3ms tex=0.7ms total=3.0ms
[2026-10-02T19:39:17.260Z INFO  squarebob::app::treemap_view] 3D frame: render=2.0ms tex=0.8ms total=2.8ms
[2026-10-02T19:39:17.276Z INFO  squarebob::app::treemap_view] 3D frame: render=2.2ms tex=0.6ms total=2.7ms
[2026-10-02T19:39:17.292Z INFO  squarebob::app::treemap_view] 3D frame: render=2.3ms tex=0.7ms total=2.9ms
[2026-10-02T19:39:17.307Z INFO  squarebob::app::treemap_view] 3D frame: render=1.9ms tex=0.8ms total=2.7ms
[2026-10-02T19:39:17.323Z INFO  squarebob::app::treemap_view] 3D frame: render=2.1ms tex=0.8ms total=2.9ms
[2026-10-02T19:39:17.339Z INFO  squarebob::app::treemap_view] 3D frame: render=2.6ms tex=0.6ms total=3.1ms
[2026-10-02T19:39:17.357Z INFO  squarebob::app::treemap_view] 3D frame: render=2.5ms tex=1.0ms total=3.6ms
[2026-10-02T19:39:17.374Z INFO  squarebob::app::treemap_view] 3D frame: render=2.2ms tex=0.6ms total=2.8ms
[2026-10-02T19:39:17.391Z INFO  squarebob::app::treemap_view] 3D frame: render=2.9ms tex=0.8ms total=3.7ms
[2026-10-02T19:39:17.408Z INFO  squarebob::app::treemap_view] 3D frame: render=2.0ms tex=0.8ms total=2.8ms
[2026-10-02T19:39:17.424Z INFO  squarebob::app::treemap_view] 3D frame: render=2.2ms tex=0.7ms total=2.9ms
[2026-10-02T19:39:17.441Z INFO  squarebob::app::treemap_view] 3D frame: render=2.9ms tex=0.8ms total=3.7ms
[2026-10-02T19:39:17.459Z INFO  squarebob::app::treemap_view] 3D frame: render=2.7ms tex=0.8ms total=3.5ms
[2026-10-02T19:39:17.478Z INFO  squarebob::app::treemap_view] 3D frame: render=2.7ms tex=0.6ms total=3.3ms
[2026-10-02T19:39:17.496Z INFO  squarebob::app::treemap_view] 3D frame: render=3.3ms tex=0.7ms total=4.0ms
[2026-10-02T19:39:17.513Z INFO  squarebob::app::treemap_view] 3D frame: render=2.0ms tex=0.8ms total=2.8ms
[2026-10-02T19:39:17.530Z INFO  squarebob::app::treemap_view] 3D frame: render=2.3ms tex=0.6ms total=2.8ms
[2026-10-02T19:39:17.546Z INFO  squarebob::app::treemap_view] 3D frame: render=2.3ms tex=0.7ms total=3.0ms
[2026-10-02T19:39:17.562Z INFO  squarebob::app::treemap_view] 3D frame: render=2.5ms tex=0.7ms total=3.3ms
[2026-10-02T19:39:17.580Z INFO  squarebob::app::treemap_view] 3D frame: render=2.5ms tex=0.7ms total=3.2ms
[2026-10-02T19:39:17.595Z INFO  squarebob::app::treemap_view] 3D frame: render=2.4ms tex=0.7ms total=3.0ms
[2026-10-02T19:39:17.612Z INFO  squarebob::app::treemap_view] 3D frame: render=2.2ms tex=0.7ms total=2.9ms
[2026-10-02T19:39:17.627Z INFO  squarebob::app::treemap_view] 3D frame: render=2.2ms tex=0.6ms total=2.8ms
[2026-10-02T19:39:17.643Z INFO  squarebob::app::treemap_view] 3D frame: render=2.1ms tex=0.6ms total=2.7ms
[2026-10-02T19:39:17.659Z INFO  squarebob::app::treemap_view] 3D frame: render=2.0ms tex=0.8ms total=2.7ms
[2026-10-02T19:39:17.676Z INFO  squarebob::app::treemap_view] 3D frame: render=2.4ms tex=1.0ms total=3.3ms
[2026-10-02T19:39:17.694Z INFO  squarebob::app::treemap_view] 3D frame: render=2.2ms tex=0.8ms total=3.0ms
[2026-10-02T19:39:17.710Z INFO  squarebob::app::treemap_view] 3D frame: render=2.1ms tex=0.6ms total=2.6ms
[2026-10-02T19:39:17.726Z INFO  squarebob::app::treemap_view] 3D frame: render=2.4ms tex=0.6ms total=3.0ms
[2026-10-02T19:39:17.742Z INFO  squarebob::app::treemap_view] 3D frame: render=2.3ms tex=0.7ms total=3.0ms
[2026-10-02T19:39:17.758Z INFO  squarebob::app::treemap_view] 3D frame: render=2.0ms tex=0.8ms total=2.8ms
[2026-10-02T19:39:17.774Z INFO  squarebob::app::treemap_view] 3D frame: render=2.0ms tex=0.8ms total=2.8ms
[2026-10-02T19:39:17.790Z INFO  squarebob::app::treemap_view] 3D frame: render=2.0ms tex=0.8ms total=2.9ms
[2026-10-02T19:39:17.805Z INFO  squarebob::app::treemap_view] 3D frame: render=2.1ms tex=0.8ms total=2.9ms
[2026-10-02T19:39:17.821Z INFO  squarebob::app::treemap_view] 3D frame: render=1.9ms tex=0.8ms total=2.7ms
[2026-10-02T19:39:17.837Z INFO  squarebob::app::treemap_view] 3D frame: render=2.0ms tex=0.8ms total=2.9ms
[2026-10-02T19:39:17.853Z INFO  squarebob::app::treemap_view] 3D frame: render=2.2ms tex=0.6ms total=2.8ms
[2026-10-02T19:39:17.868Z INFO  squarebob::app::treemap_view] 3D frame: render=1.9ms tex=0.6ms total=2.5ms
[2026-10-02T19:39:17.885Z INFO  squarebob::app::treemap_view] 3D frame: render=2.6ms tex=0.6ms total=3.2ms
[2026-10-02T19:39:17.902Z INFO  squarebob::app::treemap_view] 3D frame: render=2.4ms tex=1.0ms total=3.4ms
[2026-10-02T19:39:17.921Z INFO  squarebob::app::treemap_view] 3D frame: render=2.7ms tex=0.9ms total=3.6ms
[2026-10-02T19:39:17.937Z INFO  squarebob::app::treemap_view] 3D frame: render=2.2ms tex=0.6ms total=2.8ms
[2026-10-02T19:39:17.953Z INFO  squarebob::app::treemap_view] 3D frame: render=2.2ms tex=0.8ms total=3.0ms
[2026-10-02T19:39:17.971Z INFO  squarebob::app::treemap_view] 3D frame: render=2.6ms tex=0.8ms total=3.5ms
[2026-10-02T19:39:17.987Z INFO  squarebob::app::treemap_view] 3D frame: render=2.0ms tex=0.8ms total=2.9ms
[2026-10-02T19:39:18.003Z INFO  squarebob::app::treemap_view] 3D frame: render=2.5ms tex=0.7ms total=3.1ms
[2026-10-02T19:39:18.020Z INFO  squarebob::app::treemap_view] 3D frame: render=2.3ms tex=0.7ms total=3.0ms
[2026-10-02T19:39:18.037Z INFO  squarebob::app::treemap_view] 3D frame: render=2.7ms tex=0.8ms total=3.5ms
[2026-10-02T19:39:18.054Z INFO  squarebob::app::treemap_view] 3D frame: render=3.1ms tex=0.7ms total=3.8ms
[2026-10-02T19:39:18.071Z INFO  squarebob::app::treemap_view] 3D frame: render=2.0ms tex=0.8ms total=2.8ms
[2026-10-02T19:39:18.087Z INFO  squarebob::app::treemap_view] 3D frame: render=2.3ms tex=0.6ms total=3.0ms
[2026-10-02T19:39:18.104Z INFO  squarebob::app::treemap_view] 3D frame: render=2.5ms tex=1.1ms total=3.6ms
[2026-10-02T19:39:18.121Z INFO  squarebob::app::treemap_view] 3D frame: render=2.1ms tex=0.8ms total=2.8ms
[2026-10-02T19:39:18.138Z INFO  squarebob::app::treemap_view] 3D frame: render=2.6ms tex=0.6ms total=3.2ms
[2026-10-02T19:39:18.155Z INFO  squarebob::app::treemap_view] 3D frame: render=2.1ms tex=0.8ms total=3.0ms
[2026-10-02T19:39:18.172Z INFO  squarebob::app::treemap_view] 3D frame: render=2.0ms tex=0.8ms total=2.8ms
[2026-10-02T19:39:18.189Z INFO  squarebob::app::treemap_view] 3D frame: render=2.6ms tex=0.8ms total=3.4ms
[2026-10-02T19:39:18.206Z INFO  squarebob::app::treemap_view] 3D frame: render=2.3ms tex=0.8ms total=3.1ms
[2026-10-02T19:39:18.223Z INFO  squarebob::app::treemap_view] 3D frame: render=2.1ms tex=0.8ms total=2.9ms
[2026-10-02T19:39:18.240Z INFO  squarebob::app::treemap_view] 3D frame: render=2.2ms tex=0.8ms total=3.0ms
[2026-10-02T19:39:18.256Z INFO  squarebob::app::treemap_view] 3D frame: render=2.1ms tex=0.6ms total=2.7ms
[2026-10-02T19:39:18.272Z INFO  squarebob::app::treemap_view] 3D frame: render=2.0ms tex=0.6ms total=2.6ms
[2026-10-02T19:39:18.287Z INFO  squarebob::app::treemap_view] 3D frame: render=1.9ms tex=0.8ms total=2.7ms
[2026-10-02T19:39:18.304Z INFO  squarebob::app::treemap_view] 3D frame: render=2.2ms tex=0.7ms total=2.9ms
[2026-10-02T19:39:18.319Z INFO  squarebob::app::treemap_view] 3D frame: render=2.0ms tex=0.8ms total=2.8ms
[2026-10-02T19:39:18.334Z INFO  squarebob::app::treemap_view] 3D frame: render=2.0ms tex=0.6ms total=2.6ms
[2026-10-02T19:39:18.350Z INFO  squarebob::app::treemap_view] 3D frame: render=2.0ms tex=0.8ms total=2.8ms
[2026-10-02T19:39:18.366Z INFO  squarebob::app::treemap_view] 3D frame: render=2.1ms tex=0.8ms total=2.9ms
[2026-10-02T19:39:18.382Z INFO  squarebob::app::treemap_view] 3D frame: render=2.0ms tex=0.8ms total=2.8ms
[2026-10-02T19:39:18.397Z INFO  squarebob::app::treemap_view] 3D frame: render=2.4ms tex=0.7ms total=3.0ms
[2026-10-02T19:39:18.416Z INFO  squarebob::app::treemap_view] 3D frame: render=2.8ms tex=0.6ms total=3.3ms
[2026-10-02T19:39:18.432Z INFO  squarebob::app::treemap_view] 3D frame: render=2.6ms tex=0.6ms total=3.2ms
[2026-10-02T19:39:18.448Z INFO  squarebob::app::treemap_view] 3D frame: render=2.0ms tex=0.8ms total=2.8ms
[2026-10-02T19:39:18.465Z INFO  squarebob::app::treemap_view] 3D frame: render=2.8ms tex=1.1ms total=3.8ms
[2026-10-02T19:39:18.484Z INFO  squarebob::app::treemap_view] 3D frame: render=3.0ms tex=0.7ms total=3.6ms
[2026-10-02T19:39:18.501Z INFO  squarebob::app::treemap_view] 3D frame: render=2.6ms tex=0.6ms total=3.2ms
[2026-10-02T19:39:18.518Z INFO  squarebob::app::treemap_view] 3D frame: render=2.2ms tex=0.6ms total=2.9ms
[2026-10-02T19:39:18.535Z INFO  squarebob::app::treemap_view] 3D frame: render=2.5ms tex=0.8ms total=3.3ms
[2026-10-02T19:39:18.553Z INFO  squarebob::app::treemap_view] 3D frame: render=2.2ms tex=0.7ms total=2.9ms
[2026-10-02T19:39:18.568Z INFO  squarebob::app::treemap_view] 3D frame: render=2.2ms tex=0.6ms total=2.8ms
[2026-10-02T19:39:18.585Z INFO  squarebob::app::treemap_view] 3D frame: render=2.2ms tex=0.6ms total=2.7ms
[2026-10-02T19:39:18.602Z INFO  squarebob::app::treemap_view] 3D frame: render=2.4ms tex=0.8ms total=3.2ms
[2026-10-02T19:39:18.620Z INFO  squarebob::app::treemap_view] 3D frame: render=2.4ms tex=1.0ms total=3.4ms
[2026-10-02T19:39:18.637Z INFO  squarebob::app::treemap_view] 3D frame: render=2.8ms tex=0.9ms total=3.7ms
[2026-10-02T19:39:18.655Z INFO  squarebob::app::treemap_view] 3D frame: render=2.1ms tex=1.0ms total=3.0ms
[2026-10-02T19:39:18.672Z INFO  squarebob::app::treemap_view] 3D frame: render=2.7ms tex=0.7ms total=3.5ms
[2026-10-02T19:39:18.688Z INFO  squarebob::app::treemap_view] 3D frame: render=2.2ms tex=0.6ms total=2.8ms
[2026-10-02T19:39:18.704Z INFO  squarebob::app::treemap_view] 3D frame: render=2.0ms tex=0.8ms total=2.9ms
[2026-10-02T19:39:18.721Z INFO  squarebob::app::treemap_view] 3D frame: render=2.3ms tex=0.7ms total=3.0ms
[2026-10-02T19:39:18.736Z INFO  squarebob::app::treemap_view] 3D frame: render=1.9ms tex=0.8ms total=2.7ms
[2026-10-02T19:39:18.752Z INFO  squarebob::app::treemap_view] 3D frame: render=2.0ms tex=0.8ms total=2.8ms
[2026-10-02T19:39:18.768Z INFO  squarebob::app::treemap_view] 3D frame: render=2.0ms tex=0.9ms total=2.9ms
[2026-10-02T19:39:18.785Z INFO  squarebob::app::treemap_view] 3D frame: render=2.1ms tex=0.9ms total=3.0ms
[2026-10-02T19:39:18.801Z INFO  squarebob::app::treemap_view] 3D frame: render=2.1ms tex=0.6ms total=2.7ms
[2026-10-02T19:39:18.818Z INFO  squarebob::app::treemap_view] 3D frame: render=2.5ms tex=0.6ms total=3.1ms
[2026-10-02T19:39:18.833Z INFO  squarebob::app::treemap_view] 3D frame: render=1.9ms tex=0.6ms total=2.5ms
[2026-10-02T19:39:18.849Z INFO  squarebob::app::treemap_view] 3D frame: render=2.2ms tex=0.7ms total=2.9ms
[2026-10-02T19:39:18.865Z INFO  squarebob::app::treemap_view] 3D frame: render=2.0ms tex=0.8ms total=2.8ms
[2026-10-02T19:39:18.880Z INFO  squarebob::app::treemap_view] 3D frame: render=2.0ms tex=0.8ms total=2.9ms
[2026-10-02T19:39:18.896Z INFO  squarebob::app::treemap_view] 3D frame: render=2.0ms tex=0.8ms total=2.8ms
[2026-10-02T19:39:18.912Z INFO  squarebob::app::treemap_view] 3D frame: render=2.1ms tex=0.8ms total=2.9ms
[2026-10-02T19:39:18.928Z INFO  squarebob::app::treemap_view] 3D frame: render=2.2ms tex=0.6ms total=2.8ms
[2026-10-02T19:39:18.943Z INFO  squarebob::app::treemap_view] 3D frame: render=2.0ms tex=0.6ms total=2.6ms
[2026-10-02T19:39:18.959Z INFO  squarebob::app::treemap_view] 3D frame: render=2.0ms tex=0.6ms total=2.7ms
[2026-10-02T19:39:18.975Z INFO  squarebob::app::treemap_view] 3D frame: render=1.9ms tex=0.8ms total=2.7ms
[2026-10-02T19:39:18.992Z INFO  squarebob::app::treemap_view] 3D frame: render=2.3ms tex=0.7ms total=3.0ms
[2026-10-02T19:39:19.008Z INFO  squarebob::app::treemap_view] 3D frame: render=2.4ms tex=0.7ms total=3.1ms
[2026-10-02T19:39:19.024Z INFO  squarebob::app::treemap_view] 3D frame: render=2.3ms tex=0.7ms total=3.0ms
[2026-10-02T19:39:19.040Z INFO  squarebob::app::treemap_view] 3D frame: render=2.0ms tex=0.8ms total=2.8ms
[2026-10-02T19:39:19.057Z INFO  squarebob::app::treemap_view] 3D frame: render=2.6ms tex=0.6ms total=3.2ms
[2026-10-02T19:39:19.073Z INFO  squarebob::app::treemap_view] 3D frame: render=2.0ms tex=0.8ms total=2.8ms
[2026-10-02T19:39:19.089Z INFO  squarebob::app::treemap_view] 3D frame: render=2.5ms tex=0.6ms total=3.0ms
[2026-10-02T19:39:19.105Z INFO  squarebob::app::treemap_view] 3D frame: render=2.2ms tex=0.6ms total=2.8ms
[2026-10-02T19:39:19.121Z INFO  squarebob::app::treemap_view] 3D frame: render=2.2ms tex=0.7ms total=3.0ms
[2026-10-02T19:39:19.138Z INFO  squarebob::app::treemap_view] 3D frame: render=2.7ms tex=0.8ms total=3.5ms
[2026-10-02T19:39:19.156Z INFO  squarebob::app::treemap_view] 3D frame: render=2.5ms tex=0.7ms total=3.1ms
[2026-10-02T19:39:19.173Z INFO  squarebob::app::treemap_view] 3D frame: render=2.8ms tex=0.8ms total=3.6ms
[2026-10-02T19:39:19.191Z INFO  squarebob::app::treemap_view] 3D frame: render=3.1ms tex=0.9ms total=4.0ms
[2026-10-02T19:39:19.210Z INFO  squarebob::app::treemap_view] 3D frame: render=2.1ms tex=0.8ms total=3.0ms
[2026-10-02T19:39:19.228Z INFO  squarebob::app::treemap_view] 3D frame: render=3.0ms tex=0.7ms total=3.7ms
[2026-10-02T19:39:19.248Z INFO  squarebob::app::treemap_view] 3D frame: render=3.6ms tex=0.6ms total=4.2ms
[2026-10-02T19:39:19.268Z INFO  squarebob::app::treemap_view] 3D frame: render=2.9ms tex=0.6ms total=3.4ms
[2026-10-02T19:39:19.285Z INFO  squarebob::app::treemap_view] 3D frame: render=2.4ms tex=0.7ms total=3.1ms
[2026-10-02T19:39:19.304Z INFO  squarebob::app::treemap_view] 3D frame: render=2.3ms tex=0.6ms total=2.9ms
[2026-10-02T19:39:19.322Z INFO  squarebob::app::treemap_view] 3D frame: render=2.9ms tex=0.7ms total=3.6ms
[2026-10-02T19:39:19.340Z INFO  squarebob::app::treemap_view] 3D frame: render=2.1ms tex=0.6ms total=2.7ms
[2026-10-02T19:39:19.356Z INFO  squarebob::app::treemap_view] 3D frame: render=2.4ms tex=0.7ms total=3.1ms
[2026-10-02T19:39:19.373Z INFO  squarebob::app::treemap_view] 3D frame: render=2.3ms tex=0.7ms total=3.0ms
[2026-10-02T19:39:19.389Z INFO  squarebob::app::treemap_view] 3D frame: render=2.0ms tex=0.6ms total=2.6ms
[2026-10-02T19:39:19.406Z INFO  squarebob::app::treemap_view] 3D frame: render=2.2ms tex=0.8ms total=3.0ms
[2026-10-02T19:39:19.423Z INFO  squarebob::app::treemap_view] 3D frame: render=2.3ms tex=0.7ms total=3.0ms
[2026-10-02T19:39:19.439Z INFO  squarebob::app::treemap_view] 3D frame: render=2.1ms tex=0.6ms total=2.7ms
[2026-10-02T19:39:19.456Z INFO  squarebob::app::treemap_view] 3D frame: render=2.4ms tex=0.7ms total=3.1ms
[2026-10-02T19:39:19.472Z INFO  squarebob::app::treemap_view] 3D frame: render=2.2ms tex=0.6ms total=2.8ms
[2026-10-02T19:39:19.489Z INFO  squarebob::app::treemap_view] 3D frame: render=2.4ms tex=0.6ms total=3.0ms
[2026-10-02T19:39:19.506Z INFO  squarebob::app::treemap_view] 3D frame: render=2.5ms tex=0.6ms total=3.1ms
[2026-10-02T19:39:19.524Z INFO  squarebob::app::treemap_view] 3D frame: render=2.7ms tex=0.7ms total=3.4ms
[2026-10-02T19:39:19.540Z INFO  squarebob::app::treemap_view] 3D frame: render=2.4ms tex=0.6ms total=3.0ms
[2026-10-02T19:39:19.557Z INFO  squarebob::app::treemap_view] 3D frame: render=2.3ms tex=0.7ms total=3.0ms
[2026-10-02T19:39:19.573Z INFO  squarebob::app::treemap_view] 3D frame: render=2.9ms tex=0.7ms total=3.6ms
[2026-10-02T19:39:19.591Z INFO  squarebob::app::treemap_view] 3D frame: render=2.7ms tex=0.7ms total=3.4ms
[2026-10-02T19:39:19.608Z INFO  squarebob::app::treemap_view] 3D frame: render=2.6ms tex=0.7ms total=3.2ms
[2026-10-02T19:39:19.625Z INFO  squarebob::app::treemap_view] 3D frame: render=2.2ms tex=0.9ms total=3.0ms
[2026-10-02T19:39:19.642Z INFO  squarebob::app::treemap_view] 3D frame: render=2.8ms tex=0.7ms total=3.5ms
[2026-10-02T19:39:19.659Z INFO  squarebob::app::treemap_view] 3D frame: render=2.3ms tex=0.7ms total=3.0ms
[2026-10-02T19:39:19.675Z INFO  squarebob::app::treemap_view] 3D frame: render=2.3ms tex=0.7ms total=3.0ms
[2026-10-02T19:39:19.691Z INFO  squarebob::app::treemap_view] 3D frame: render=2.2ms tex=0.6ms total=2.9ms
[2026-10-02T19:39:19.707Z INFO  squarebob::app::treemap_view] 3D frame: render=2.3ms tex=0.7ms total=3.0ms
[2026-10-02T19:39:19.724Z INFO  squarebob::app::treemap_view] 3D frame: render=2.5ms tex=0.8ms total=3.4ms
[2026-10-02T19:39:19.740Z INFO  squarebob::app::treemap_view] 3D frame: render=2.1ms tex=0.7ms total=2.8ms
[2026-10-02T19:39:19.756Z INFO  squarebob::app::treemap_view] 3D frame: render=2.1ms tex=0.8ms total=2.9ms
[2026-10-02T19:39:19.772Z INFO  squarebob::app::treemap_view] 3D frame: render=2.2ms tex=0.6ms total=2.7ms
[2026-10-02T19:39:19.790Z INFO  squarebob::app::treemap_view] 3D frame: render=2.3ms tex=0.6ms total=2.9ms
[2026-10-02T19:39:19.805Z INFO  squarebob::app::treemap_view] 3D frame: render=2.1ms tex=0.6ms total=2.6ms
[2026-10-02T19:39:19.822Z INFO  squarebob::app::treemap_view] 3D frame: render=2.3ms tex=0.7ms total=3.0ms
[2026-10-02T19:39:19.839Z INFO  squarebob::app::treemap_view] 3D frame: render=2.4ms tex=0.9ms total=3.3ms
[2026-10-02T19:39:19.855Z INFO  squarebob::app::treemap_view] 3D frame: render=2.6ms tex=0.7ms total=3.3ms
[2026-10-02T19:39:19.872Z INFO  squarebob::app::treemap_view] 3D frame: render=2.0ms tex=0.6ms total=2.6ms
[2026-10-02T19:39:19.889Z INFO  squarebob::app::treemap_view] 3D frame: render=2.3ms tex=0.6ms total=2.8ms
[2026-10-02T19:39:19.905Z INFO  squarebob::app::treemap_view] 3D frame: render=2.2ms tex=0.7ms total=2.9ms
[2026-10-02T19:39:19.922Z INFO  squarebob::app::treemap_view] 3D frame: render=2.6ms tex=0.9ms total=3.5ms
[2026-10-02T19:39:19.939Z INFO  squarebob::app::treemap_view] 3D frame: render=2.0ms tex=0.6ms total=2.6ms
[2026-10-02T19:39:19.956Z INFO  squarebob::app::treemap_view] 3D frame: render=2.4ms tex=0.6ms total=3.1ms
[2026-10-02T19:39:19.972Z INFO  squarebob::app::treemap_view] 3D frame: render=2.2ms tex=0.6ms total=2.8ms
[2026-10-02T19:39:19.990Z INFO  squarebob::app::treemap_view] 3D frame: render=2.8ms tex=0.6ms total=3.4ms
[2026-10-02T19:39:20.007Z INFO  squarebob::app::treemap_view] 3D frame: render=2.8ms tex=0.7ms total=3.4ms
[2026-10-02T19:39:20.024Z INFO  squarebob::app::treemap_view] 3D frame: render=2.7ms tex=0.6ms total=3.3ms
[2026-10-02T19:39:20.041Z INFO  squarebob::app::treemap_view] 3D frame: render=2.2ms tex=0.7ms total=2.8ms
[2026-10-02T19:39:20.057Z INFO  squarebob::app::treemap_view] 3D frame: render=2.2ms tex=0.6ms total=2.8ms
[2026-10-02T19:39:20.073Z INFO  squarebob::app::treemap_view] 3D frame: render=2.0ms tex=0.8ms total=2.9ms
[2026-10-02T19:39:20.088Z INFO  squarebob::app::treemap_view] 3D frame: render=1.9ms tex=0.9ms total=2.8ms
[2026-10-02T19:39:20.105Z INFO  squarebob::app::treemap_view] 3D frame: render=2.2ms tex=0.7ms total=2.9ms
[2026-10-02T19:39:20.120Z INFO  squarebob::app::treemap_view] 3D frame: render=2.1ms tex=0.6ms total=2.7ms
[2026-10-02T19:39:20.136Z INFO  squarebob::app::treemap_view] 3D frame: render=2.2ms tex=0.7ms total=2.9ms
[2026-10-02T19:39:20.152Z INFO  squarebob::app::treemap_view] 3D frame: render=2.2ms tex=0.8ms total=3.0ms
[2026-10-02T19:39:20.168Z INFO  squarebob::app::treemap_view] 3D frame: render=2.2ms tex=0.6ms total=2.8ms
[2026-10-02T19:39:20.186Z INFO  squarebob::app::treemap_view] 3D frame: render=2.7ms tex=0.7ms total=3.4ms
[2026-10-02T19:39:20.203Z INFO  squarebob::app::treemap_view] 3D frame: render=2.2ms tex=0.9ms total=3.1ms
[2026-10-02T19:39:20.220Z INFO  squarebob::app::treemap_view] 3D frame: render=2.4ms tex=0.7ms total=3.1ms
[2026-10-02T19:39:20.236Z INFO  squarebob::app::treemap_view] 3D frame: render=2.5ms tex=0.7ms total=3.2ms
[2026-10-02T19:39:20.254Z INFO  squarebob::app::treemap_view] 3D frame: render=2.8ms tex=0.7ms total=3.5ms
[2026-10-02T19:39:20.271Z INFO  squarebob::app::treemap_view] 3D frame: render=3.1ms tex=0.7ms total=3.7ms
[2026-10-02T19:39:20.287Z INFO  squarebob::app::treemap_view] 3D frame: render=2.4ms tex=0.7ms total=3.1ms
[2026-10-02T19:39:20.303Z INFO  squarebob::app::treemap_view] 3D frame: render=2.4ms tex=0.6ms total=3.0ms
[2026-10-02T19:39:20.321Z INFO  squarebob::app::treemap_view] 3D frame: render=2.9ms tex=0.9ms total=3.8ms
[2026-10-02T19:39:20.337Z INFO  squarebob::app::treemap_view] 3D frame: render=2.1ms tex=0.8ms total=2.9ms
[2026-10-02T19:39:20.353Z INFO  squarebob::app::treemap_view] 3D frame: render=2.2ms tex=0.7ms total=2.8ms
[2026-10-02T19:39:20.369Z INFO  squarebob::app::treemap_view] 3D frame: render=2.4ms tex=0.6ms total=3.0ms
[2026-10-02T19:39:20.386Z INFO  squarebob::app::treemap_view] 3D frame: render=2.2ms tex=0.7ms total=2.9ms
[2026-10-02T19:39:20.401Z INFO  squarebob::app::treemap_view] 3D frame: render=2.2ms tex=0.6ms total=2.7ms
[2026-10-02T19:39:20.418Z INFO  squarebob::app::treemap_view] 3D frame: render=2.4ms tex=0.7ms total=3.0ms
[2026-10-02T19:39:20.434Z INFO  squarebob::app::treemap_view] 3D frame: render=1.9ms tex=0.8ms total=2.8ms
[2026-10-02T19:39:20.450Z INFO  squarebob::app::treemap_view] 3D frame: render=2.4ms tex=0.6ms total=3.0ms
[2026-10-02T19:39:20.467Z INFO  squarebob::app::treemap_view] 3D frame: render=2.8ms tex=0.9ms total=3.7ms
[2026-10-02T19:39:20.484Z INFO  squarebob::app::treemap_view] 3D frame: render=2.3ms tex=0.6ms total=2.9ms
[2026-10-02T19:39:20.500Z INFO  squarebob::app::treemap_view] 3D frame: render=1.9ms tex=0.8ms total=2.7ms
[2026-10-02T19:39:20.517Z INFO  squarebob::app::treemap_view] 3D frame: render=2.4ms tex=0.7ms total=3.1ms
[2026-10-02T19:39:20.534Z INFO  squarebob::app::treemap_view] 3D frame: render=2.5ms tex=0.7ms total=3.1ms
[2026-10-02T19:39:20.551Z INFO  squarebob::app::treemap_view] 3D frame: render=2.4ms tex=0.7ms total=3.1ms
[2026-10-02T19:39:20.567Z INFO  squarebob::app::treemap_view] 3D frame: render=2.1ms tex=0.9ms total=3.0ms
[2026-10-02T19:39:20.584Z INFO  squarebob::app::treemap_view] 3D frame: render=2.2ms tex=0.9ms total=3.0ms
[2026-10-02T19:39:20.600Z INFO  squarebob::app::treemap_view] 3D frame: render=2.2ms tex=0.7ms total=2.9ms
[2026-10-02T19:39:20.615Z INFO  squarebob::app::treemap_view] 3D frame: render=2.4ms tex=0.7ms total=3.1ms
[2026-10-02T19:39:20.632Z INFO  squarebob::app::treemap_view] 3D frame: render=2.2ms tex=0.7ms total=2.9ms
[2026-10-02T19:39:20.647Z INFO  squarebob::app::treemap_view] 3D frame: render=2.2ms tex=0.8ms total=3.1ms
[2026-10-02T19:39:20.663Z INFO  squarebob::app::treemap_view] 3D frame: render=2.0ms tex=0.8ms total=2.8ms
[2026-10-02T19:39:20.679Z INFO  squarebob::app::treemap_view] 3D frame: render=2.0ms tex=0.8ms total=2.8ms
[2026-10-02T19:39:20.695Z INFO  squarebob::app::treemap_view] 3D frame: render=2.0ms tex=0.8ms total=2.8ms
[2026-10-02T19:39:20.710Z INFO  squarebob::app::treemap_view] 3D frame: render=2.0ms tex=0.6ms total=2.6ms
[2026-10-02T19:39:20.727Z INFO  squarebob::app::treemap_view] 3D frame: render=2.3ms tex=0.7ms total=3.0ms
[2026-10-02T19:39:20.742Z INFO  squarebob::app::treemap_view] 3D frame: render=2.0ms tex=0.8ms total=2.7ms
[2026-10-02T19:39:20.758Z INFO  squarebob::app::treemap_view] 3D frame: render=2.3ms tex=0.7ms total=3.0ms
[2026-10-02T19:39:20.774Z INFO  squarebob::app::treemap_view] 3D frame: render=2.0ms tex=0.6ms total=2.5ms
[2026-10-02T19:39:20.790Z INFO  squarebob::app::treemap_view] 3D frame: render=2.1ms tex=0.6ms total=2.6ms
[2026-10-02T19:39:20.806Z INFO  squarebob::app::treemap_view] 3D frame: render=2.4ms tex=0.8ms total=3.3ms
[2026-10-02T19:39:20.822Z INFO  squarebob::app::treemap_view] 3D frame: render=2.2ms tex=0.6ms total=2.8ms
[2026-10-02T19:39:20.838Z INFO  squarebob::app::treemap_view] 3D frame: render=1.9ms tex=0.8ms total=2.7ms
[2026-10-02T19:39:20.854Z INFO  squarebob::app::treemap_view] 3D frame: render=2.4ms tex=0.8ms total=3.2ms
[2026-10-02T19:39:20.870Z INFO  squarebob::app::treemap_view] 3D frame: render=2.3ms tex=0.7ms total=3.0ms
[2026-10-02T19:39:20.886Z INFO  squarebob::app::treemap_view] 3D frame: render=2.1ms tex=0.6ms total=2.8ms
[2026-10-02T19:39:20.902Z INFO  squarebob::app::treemap_view] 3D frame: render=2.1ms tex=0.8ms total=2.9ms
[2026-10-02T19:39:20.917Z INFO  squarebob::app::treemap_view] 3D frame: render=1.9ms tex=0.8ms total=2.7ms
[2026-10-02T19:39:20.933Z INFO  squarebob::app::treemap_view] 3D frame: render=2.0ms tex=0.8ms total=2.8ms
[2026-10-02T19:39:20.948Z INFO  squarebob::app::treemap_view] 3D frame: render=2.2ms tex=0.7ms total=2.8ms
[2026-10-02T19:39:20.964Z INFO  squarebob::app::treemap_view] 3D frame: render=2.2ms tex=0.6ms total=2.8ms
[2026-10-02T19:39:20.980Z INFO  squarebob::app::treemap_view] 3D frame: render=2.4ms tex=0.6ms total=3.0ms
[2026-10-02T19:39:20.997Z INFO  squarebob::app::treemap_view] 3D frame: render=2.3ms tex=0.7ms total=3.0ms
[2026-10-02T19:39:21.014Z INFO  squarebob::app::treemap_view] 3D frame: render=2.4ms tex=0.8ms total=3.2ms
[2026-10-02T19:39:21.031Z INFO  squarebob::app::treemap_view] 3D frame: render=2.2ms tex=0.9ms total=3.1ms
[2026-10-02T19:39:21.048Z INFO  squarebob::app::treemap_view] 3D frame: render=2.1ms tex=0.8ms total=3.0ms
[2026-10-02T19:39:21.064Z INFO  squarebob::app::treemap_view] 3D frame: render=2.3ms tex=0.7ms total=3.0ms
[2026-10-02T19:39:21.080Z INFO  squarebob::app::treemap_view] 3D frame: render=2.0ms tex=0.6ms total=2.6ms
[2026-10-02T19:39:21.097Z INFO  squarebob::app::treemap_view] 3D frame: render=2.3ms tex=0.6ms total=2.8ms
[2026-10-02T19:39:21.114Z INFO  squarebob::app::treemap_view] 3D frame: render=2.1ms tex=0.8ms total=2.9ms
[2026-10-02T19:39:21.130Z INFO  squarebob::app::treemap_view] 3D frame: render=2.0ms tex=0.9ms total=2.9ms
[2026-10-02T19:39:21.146Z INFO  squarebob::app::treemap_view] 3D frame: render=2.1ms tex=0.8ms total=3.0ms
[2026-10-02T19:39:21.162Z INFO  squarebob::app::treemap_view] 3D frame: render=2.3ms tex=0.7ms total=3.0ms
[2026-10-02T19:39:21.178Z INFO  squarebob::app::treemap_view] 3D frame: render=2.2ms tex=0.7ms total=2.9ms
[2026-10-02T19:39:21.194Z INFO  squarebob::app::treemap_view] 3D frame: render=2.5ms tex=0.6ms total=3.1ms
[2026-10-02T19:39:21.211Z INFO  squarebob::app::treemap_view] 3D frame: render=2.5ms tex=0.7ms total=3.2ms
[2026-10-02T19:39:21.228Z INFO  squarebob::app::treemap_view] 3D frame: render=2.2ms tex=0.6ms total=2.9ms
[2026-10-02T19:39:21.245Z INFO  squarebob::app::treemap_view] 3D frame: render=2.5ms tex=0.7ms total=3.2ms
[2026-10-02T19:39:21.261Z INFO  squarebob::app::treemap_view] 3D frame: render=2.5ms tex=0.7ms total=3.2ms
[2026-10-02T19:39:21.277Z INFO  squarebob::app::treemap_view] 3D frame: render=2.2ms tex=0.9ms total=3.1ms
[2026-10-02T19:39:21.293Z INFO  squarebob::app::treemap_view] 3D frame: render=2.0ms tex=0.6ms total=2.7ms
[2026-10-02T19:39:21.309Z INFO  squarebob::app::treemap_view] 3D frame: render=2.5ms tex=0.7ms total=3.2ms
[2026-10-02T19:39:21.325Z INFO  squarebob::app::treemap_view] 3D frame: render=2.1ms tex=0.6ms total=2.8ms
[2026-10-02T19:39:21.341Z INFO  squarebob::app::treemap_view] 3D frame: render=2.2ms tex=0.7ms total=2.8ms
[2026-10-02T19:39:21.357Z INFO  squarebob::app::treemap_view] 3D frame: render=2.2ms tex=0.6ms total=2.9ms
[2026-10-02T19:39:21.372Z INFO  squarebob::app::treemap_view] 3D frame: render=1.9ms tex=0.6ms total=2.5ms
[2026-10-02T19:39:21.388Z INFO  squarebob::app::treemap_view] 3D frame: render=2.2ms tex=0.6ms total=2.8ms
[2026-10-02T19:39:21.403Z INFO  squarebob::app::treemap_view] 3D frame: render=2.1ms tex=0.6ms total=2.8ms
[2026-10-02T19:39:21.420Z INFO  squarebob::app::treemap_view] 3D frame: render=2.1ms tex=0.8ms total=2.9ms
[2026-10-02T19:39:21.435Z INFO  squarebob::app::treemap_view] 3D frame: render=2.0ms tex=0.8ms total=2.8ms
[2026-10-02T19:39:21.451Z INFO  squarebob::app::treemap_view] 3D frame: render=2.1ms tex=0.8ms total=3.0ms
[2026-10-02T19:39:21.467Z INFO  squarebob::app::treemap_view] 3D frame: render=2.2ms tex=0.7ms total=2.9ms
[2026-10-02T19:39:21.483Z INFO  squarebob::app::treemap_view] 3D frame: render=2.3ms tex=0.6ms total=2.9ms
[2026-10-02T19:39:21.499Z INFO  squarebob::app::treemap_view] 3D frame: render=2.5ms tex=0.7ms total=3.1ms
[2026-10-02T19:39:21.516Z INFO  squarebob::app::treemap_view] 3D frame: render=2.1ms tex=0.9ms total=3.0ms
[2026-10-02T19:39:21.533Z INFO  squarebob::app::treemap_view] 3D frame: render=2.2ms tex=0.7ms total=2.9ms
[2026-10-02T19:39:21.550Z INFO  squarebob::app::treemap_view] 3D frame: render=2.4ms tex=0.7ms total=3.1ms
[2026-10-02T19:39:21.566Z INFO  squarebob::app::treemap_view] 3D frame: render=2.2ms tex=0.7ms total=2.9ms
[2026-10-02T19:39:21.582Z INFO  squarebob::app::treemap_view] 3D frame: render=2.0ms tex=0.8ms total=2.8ms
[2026-10-02T19:39:21.598Z INFO  squarebob::app::treemap_view] 3D frame: render=2.4ms tex=0.7ms total=3.0ms
[2026-10-02T19:39:21.614Z INFO  squarebob::app::treemap_view] 3D frame: render=2.0ms tex=0.6ms total=2.6ms
[2026-10-02T19:39:21.630Z INFO  squarebob::app::treemap_view] 3D frame: render=2.0ms tex=0.8ms total=2.7ms
[2026-10-02T19:39:21.646Z INFO  squarebob::app::treemap_view] 3D frame: render=2.1ms tex=0.8ms total=2.9ms
[2026-10-02T19:39:21.662Z INFO  squarebob::app::treemap_view] 3D frame: render=2.2ms tex=0.7ms total=2.8ms
[2026-10-02T19:39:21.678Z INFO  squarebob::app::treemap_view] 3D frame: render=2.2ms tex=0.6ms total=2.8ms
[2026-10-02T19:39:21.693Z INFO  squarebob::app::treemap_view] 3D frame: render=2.0ms tex=0.8ms total=2.8ms
[2026-10-02T19:39:21.709Z INFO  squarebob::app::treemap_view] 3D frame: render=2.2ms tex=0.7ms total=2.8ms
[2026-10-02T19:39:21.725Z INFO  squarebob::app::treemap_view] 3D frame: render=2.2ms tex=0.7ms total=2.8ms
[2026-10-02T19:39:21.740Z INFO  squarebob::app::treemap_view] 3D frame: render=2.1ms tex=0.7ms total=2.8ms
[2026-10-02T19:39:21.755Z INFO  squarebob::app::treemap_view] 3D frame: render=2.0ms tex=0.6ms total=2.5ms
[2026-10-02T19:39:21.773Z INFO  squarebob::app::treemap_view] 3D frame: render=2.1ms tex=0.6ms total=2.6ms
[2026-10-02T19:39:21.789Z INFO  squarebob::app::treemap_view] 3D frame: render=2.2ms tex=0.6ms total=2.8ms
[2026-10-02T19:39:21.805Z INFO  squarebob::app::treemap_view] 3D frame: render=2.3ms tex=0.6ms total=2.9ms
[2026-10-02T19:39:21.822Z INFO  squarebob::app::treemap_view] 3D frame: render=2.0ms tex=0.8ms total=2.9ms
[2026-10-02T19:39:21.838Z INFO  squarebob::app::treemap_view] 3D frame: render=2.3ms tex=0.6ms total=2.8ms
[2026-10-02T19:39:21.854Z INFO  squarebob::app::treemap_view] 3D frame: render=2.4ms tex=0.7ms total=3.1ms
[2026-10-02T19:39:21.871Z INFO  squarebob::app::treemap_view] 3D frame: render=2.1ms tex=0.8ms total=3.0ms
[2026-10-02T19:39:21.887Z INFO  squarebob::app::treemap_view] 3D frame: render=2.0ms tex=0.9ms total=2.9ms
[2026-10-02T19:39:21.903Z INFO  squarebob::app::treemap_view] 3D frame: render=2.5ms tex=0.6ms total=3.2ms
[2026-10-02T19:39:21.919Z INFO  squarebob::app::treemap_view] 3D frame: render=2.3ms tex=0.7ms total=3.0ms
[2026-10-02T19:39:21.935Z INFO  squarebob::app::treemap_view] 3D frame: render=2.1ms tex=0.6ms total=2.6ms
[2026-10-02T19:39:21.951Z INFO  squarebob::app::treemap_view] 3D frame: render=2.1ms tex=0.8ms total=2.9ms
[2026-10-02T19:39:21.967Z INFO  squarebob::app::treemap_view] 3D frame: render=2.2ms tex=0.7ms total=2.9ms
[2026-10-02T19:39:21.983Z INFO  squarebob::app::treemap_view] 3D frame: render=2.0ms tex=0.8ms total=2.8ms
[2026-10-02T19:39:22.000Z INFO  squarebob::app::treemap_view] 3D frame: render=2.3ms tex=0.9ms total=3.1ms
[2026-10-02T19:39:22.017Z INFO  squarebob::app::treemap_view] 3D frame: render=2.1ms tex=0.9ms total=3.0ms
[2026-10-02T19:39:22.033Z INFO  squarebob::app::treemap_view] 3D frame: render=2.2ms tex=0.6ms total=2.8ms
[2026-10-02T19:39:22.049Z INFO  squarebob::app::treemap_view] 3D frame: render=2.2ms tex=0.8ms total=3.0ms
[2026-10-02T19:39:22.065Z INFO  squarebob::app::treemap_view] 3D frame: render=2.4ms tex=0.7ms total=3.1ms
[2026-10-02T19:39:22.082Z INFO  squarebob::app::treemap_view] 3D frame: render=2.1ms tex=0.8ms total=2.9ms
[2026-10-02T19:39:22.099Z INFO  squarebob::app::treemap_view] 3D frame: render=2.7ms tex=0.7ms total=3.4ms
[2026-10-02T19:39:22.115Z INFO  squarebob::app::treemap_view] 3D frame: render=2.3ms tex=0.6ms total=3.0ms
[2026-10-02T19:39:22.131Z INFO  squarebob::app::treemap_view] 3D frame: render=1.9ms tex=0.6ms total=2.5ms
[2026-10-02T19:39:22.146Z INFO  squarebob::app::treemap_view] 3D frame: render=2.4ms tex=0.7ms total=3.0ms
[2026-10-02T19:39:22.163Z INFO  squarebob::app::treemap_view] 3D frame: render=1.9ms tex=0.9ms total=2.8ms
[2026-10-02T19:39:22.178Z INFO  squarebob::app::treemap_view] 3D frame: render=2.3ms tex=0.7ms total=2.9ms
[2026-10-02T19:39:22.194Z INFO  squarebob::app::treemap_view] 3D frame: render=1.9ms tex=0.8ms total=2.7ms
[2026-10-02T19:39:22.210Z INFO  squarebob::app::treemap_view] 3D frame: render=2.5ms tex=0.6ms total=3.1ms
[2026-10-02T19:39:22.226Z INFO  squarebob::app::treemap_view] 3D frame: render=2.2ms tex=0.6ms total=2.8ms
[2026-10-02T19:39:22.242Z INFO  squarebob::app::treemap_view] 3D frame: render=2.2ms tex=0.8ms total=3.0ms
[2026-10-02T19:39:22.260Z INFO  squarebob::app::treemap_view] 3D frame: render=2.5ms tex=0.6ms total=3.0ms
[2026-10-02T19:39:22.276Z INFO  squarebob::app::treemap_view] 3D frame: render=1.9ms tex=0.8ms total=2.7ms
[2026-10-02T19:39:22.292Z INFO  squarebob::app::treemap_view] 3D frame: render=2.4ms tex=0.7ms total=3.1ms
[2026-10-02T19:39:22.308Z INFO  squarebob::app::treemap_view] 3D frame: render=2.1ms tex=0.9ms total=3.0ms
[2026-10-02T19:39:22.324Z INFO  squarebob::app::treemap_view] 3D frame: render=2.3ms tex=0.7ms total=3.0ms
[2026-10-02T19:39:22.341Z INFO  squarebob::app::treemap_view] 3D frame: render=2.5ms tex=0.6ms total=3.1ms
[2026-10-02T19:39:22.357Z INFO  squarebob::app::treemap_view] 3D frame: render=2.0ms tex=0.8ms total=2.8ms
[2026-10-02T19:39:22.372Z INFO  squarebob::app::treemap_view] 3D frame: render=2.0ms tex=0.6ms total=2.5ms
[2026-10-02T19:39:22.389Z INFO  squarebob::app::treemap_view] 3D frame: render=2.5ms tex=0.7ms total=3.2ms
[2026-10-02T19:39:22.405Z INFO  squarebob::app::treemap_view] 3D frame: render=2.0ms tex=0.6ms total=2.5ms
[2026-10-02T19:39:22.422Z INFO  squarebob::app::treemap_view] 3D frame: render=2.1ms tex=0.8ms total=2.9ms
[2026-10-02T19:39:22.439Z INFO  squarebob::app::treemap_view] 3D frame: render=2.3ms tex=0.6ms total=2.9ms
[2026-10-02T19:39:22.456Z INFO  squarebob::app::treemap_view] 3D frame: render=2.6ms tex=0.6ms total=3.2ms
[2026-10-02T19:39:22.472Z INFO  squarebob::app::treemap_view] 3D frame: render=2.0ms tex=0.6ms total=2.6ms
[2026-10-02T19:39:22.489Z INFO  squarebob::app::treemap_view] 3D frame: render=2.7ms tex=0.7ms total=3.4ms
[2026-10-02T19:39:22.505Z INFO  squarebob::app::treemap_view] 3D frame: render=2.0ms tex=0.8ms total=2.8ms
[2026-10-02T19:39:22.521Z INFO  squarebob::app::treemap_view] 3D frame: render=2.6ms tex=0.7ms total=3.2ms
[2026-10-02T19:39:22.539Z INFO  squarebob::app::treemap_view] 3D frame: render=2.8ms tex=0.8ms total=3.6ms
[2026-10-02T19:39:22.557Z INFO  squarebob::app::treemap_view] 3D frame: render=2.9ms tex=0.8ms total=3.7ms
[2026-10-02T19:39:22.573Z INFO  squarebob::app::treemap_view] 3D frame: render=2.2ms tex=0.8ms total=3.0ms
[2026-10-02T19:39:22.590Z INFO  squarebob::app::treemap_view] 3D frame: render=2.4ms tex=0.9ms total=3.3ms
[2026-10-02T19:39:22.607Z INFO  squarebob::app::treemap_view] 3D frame: render=2.1ms tex=0.9ms total=3.0ms
[2026-10-02T19:39:22.624Z INFO  squarebob::app::treemap_view] 3D frame: render=2.2ms tex=0.9ms total=3.1ms
[2026-10-02T19:39:22.642Z INFO  squarebob::app::treemap_view] 3D frame: render=2.6ms tex=0.7ms total=3.3ms
[2026-10-02T19:39:22.659Z INFO  squarebob::app::treemap_view] 3D frame: render=2.3ms tex=0.7ms total=2.9ms
[2026-10-02T19:39:22.675Z INFO  squarebob::app::treemap_view] 3D frame: render=2.4ms tex=0.6ms total=2.9ms
[2026-10-02T19:39:22.691Z INFO  squarebob::app::treemap_view] 3D frame: render=2.1ms tex=0.8ms total=2.9ms
[2026-10-02T19:39:22.707Z INFO  squarebob::app::treemap_view] 3D frame: render=2.3ms tex=0.7ms total=3.0ms
[2026-10-02T19:39:22.723Z INFO  squarebob::app::treemap_view] 3D frame: render=2.1ms tex=0.9ms total=3.0ms
[2026-10-02T19:39:22.740Z INFO  squarebob::app::treemap_view] 3D frame: render=2.5ms tex=0.6ms total=3.1ms
[2026-10-02T19:39:22.757Z INFO  squarebob::app::treemap_view] 3D frame: render=2.2ms tex=0.9ms total=3.1ms
[2026-10-02T19:39:22.773Z INFO  squarebob::app::treemap_view] 3D frame: render=2.1ms tex=0.6ms total=2.7ms
[2026-10-02T19:39:22.789Z INFO  squarebob::app::treemap_view] 3D frame: render=2.1ms tex=0.9ms total=3.0ms
[2026-10-02T19:39:22.805Z INFO  squarebob::app::treemap_view] 3D frame: render=2.2ms tex=0.8ms total=3.0ms
[2026-10-02T19:39:22.821Z INFO  squarebob::app::treemap_view] 3D frame: render=2.0ms tex=0.8ms total=2.8ms
[2026-10-02T19:39:22.837Z INFO  squarebob::app::treemap_view] 3D frame: render=2.5ms tex=0.7ms total=3.2ms
[2026-10-02T19:39:22.854Z INFO  squarebob::app::treemap_view] 3D frame: render=2.3ms tex=0.7ms total=3.0ms
[2026-10-02T19:39:22.869Z INFO  squarebob::app::treemap_view] 3D frame: render=2.0ms tex=0.9ms total=2.9ms
[2026-10-02T19:39:22.885Z INFO  squarebob::app::treemap_view] 3D frame: render=2.0ms tex=0.6ms total=2.5ms
[2026-10-02T19:39:22.900Z INFO  squarebob::app::treemap_view] 3D frame: render=1.9ms tex=0.9ms total=2.8ms
[2026-10-02T19:39:22.916Z INFO  squarebob::app::treemap_view] 3D frame: render=2.1ms tex=0.8ms total=2.9ms
[2026-10-02T19:39:22.933Z INFO  squarebob::app::treemap_view] 3D frame: render=2.3ms tex=0.6ms total=3.0ms
[2026-10-02T19:39:22.950Z INFO  squarebob::app::treemap_view] 3D frame: render=2.5ms tex=0.9ms total=3.3ms
[2026-10-02T19:39:22.967Z INFO  squarebob::app::treemap_view] 3D frame: render=2.1ms tex=0.8ms total=3.0ms
[2026-10-02T19:39:22.984Z INFO  squarebob::app::treemap_view] 3D frame: render=2.1ms tex=0.8ms total=2.9ms
[2026-10-02T19:39:23.000Z INFO  squarebob::app::treemap_view] 3D frame: render=2.7ms tex=0.7ms total=3.3ms
[2026-10-02T19:39:23.018Z INFO  squarebob::app::treemap_view] 3D frame: render=2.1ms tex=0.8ms total=2.9ms
[2026-10-02T19:39:23.034Z INFO  squarebob::app::treemap_view] 3D frame: render=2.0ms tex=0.8ms total=2.9ms
[2026-10-02T19:39:23.051Z INFO  squarebob::app::treemap_view] 3D frame: render=2.2ms tex=0.8ms total=3.0ms
[2026-10-02T19:39:23.067Z INFO  squarebob::app::treemap_view] 3D frame: render=2.1ms tex=0.9ms total=2.9ms
[2026-10-02T19:39:23.082Z INFO  squarebob::app::treemap_view] 3D frame: render=2.0ms tex=0.8ms total=2.8ms
[2026-10-02T19:39:23.100Z INFO  squarebob::app::treemap_view] 3D frame: render=2.4ms tex=1.2ms total=3.6ms
[2026-10-02T19:39:23.117Z INFO  squarebob::app::treemap_view] 3D frame: render=2.4ms tex=0.6ms total=3.0ms
[2026-10-02T19:39:23.134Z INFO  squarebob::app::treemap_view] 3D frame: render=2.6ms tex=0.7ms total=3.3ms
[2026-10-02T19:39:23.152Z INFO  squarebob::app::treemap_view] 3D frame: render=2.5ms tex=0.9ms total=3.4ms
[2026-10-02T19:39:23.168Z INFO  squarebob::app::treemap_view] 3D frame: render=2.2ms tex=0.6ms total=2.7ms
[2026-10-02T19:39:23.184Z INFO  squarebob::app::treemap_view] 3D frame: render=2.1ms tex=0.8ms total=2.9ms
[2026-10-02T19:39:23.201Z INFO  squarebob::app::treemap_view] 3D frame: render=2.2ms tex=0.9ms total=3.0ms
[2026-10-02T19:39:23.217Z INFO  squarebob::app::treemap_view] 3D frame: render=2.3ms tex=0.7ms total=3.0ms
[2026-10-02T19:39:23.233Z INFO  squarebob::app::treemap_view] 3D frame: render=2.2ms tex=0.7ms total=2.9ms
[2026-10-02T19:39:23.250Z INFO  squarebob::app::treemap_view] 3D frame: render=2.5ms tex=0.7ms total=3.2ms
[2026-10-02T19:39:23.265Z INFO  squarebob::app::treemap_view] 3D frame: render=2.0ms tex=0.8ms total=2.8ms
[2026-10-02T19:39:23.281Z INFO  squarebob::app::treemap_view] 3D frame: render=2.1ms tex=0.8ms total=2.9ms
[2026-10-02T19:39:23.298Z INFO  squarebob::app::treemap_view] 3D frame: render=2.3ms tex=0.9ms total=3.1ms
[2026-10-02T19:39:23.314Z INFO  squarebob::app::treemap_view] 3D frame: render=2.2ms tex=0.9ms total=3.1ms
[2026-10-02T19:39:23.332Z INFO  squarebob::app::treemap_view] 3D frame: render=2.1ms tex=0.9ms total=3.0ms
[2026-10-02T19:39:23.347Z INFO  squarebob::app::treemap_view] 3D frame: render=1.9ms tex=0.7ms total=2.6ms
[2026-10-02T19:39:23.363Z INFO  squarebob::app::treemap_view] 3D frame: render=2.1ms tex=0.8ms total=2.9ms
[2026-10-02T19:39:23.379Z INFO  squarebob::app::treemap_view] 3D frame: render=2.1ms tex=0.9ms total=3.0ms
[2026-10-02T19:39:23.396Z INFO  squarebob::app::treemap_view] 3D frame: render=2.0ms tex=0.9ms total=2.9ms
[2026-10-02T19:39:23.412Z INFO  squarebob::app::treemap_view] 3D frame: render=2.2ms tex=0.9ms total=3.1ms
[2026-10-02T19:39:23.429Z INFO  squarebob::app::treemap_view] 3D frame: render=2.6ms tex=0.7ms total=3.2ms
[2026-10-02T19:39:23.445Z INFO  squarebob::app::treemap_view] 3D frame: render=2.1ms tex=0.6ms total=2.8ms
[2026-10-02T19:39:23.461Z INFO  squarebob::app::treemap_view] 3D frame: render=2.2ms tex=0.6ms total=2.8ms
[2026-10-02T19:39:23.478Z INFO  squarebob::app::treemap_view] 3D frame: render=2.0ms tex=0.8ms total=2.9ms
[2026-10-02T19:39:23.494Z INFO  squarebob::app::treemap_view] 3D frame: render=2.5ms tex=0.6ms total=3.1ms
[2026-10-02T19:39:23.510Z INFO  squarebob::app::treemap_view] 3D frame: render=2.3ms tex=0.7ms total=3.0ms
[2026-10-02T19:39:23.527Z INFO  squarebob::app::treemap_view] 3D frame: render=2.3ms tex=0.9ms total=3.2ms
[2026-10-02T19:39:23.544Z INFO  squarebob::app::treemap_view] 3D frame: render=2.1ms tex=0.8ms total=2.9ms
[2026-10-02T19:39:23.561Z INFO  squarebob::app::treemap_view] 3D frame: render=2.3ms tex=0.9ms total=3.2ms
[2026-10-02T19:39:23.578Z INFO  squarebob::app::treemap_view] 3D frame: render=2.0ms tex=0.8ms total=2.8ms
[2026-10-02T19:39:23.594Z INFO  squarebob::app::treemap_view] 3D frame: render=2.2ms tex=0.9ms total=3.1ms
[2026-10-02T19:39:23.611Z INFO  squarebob::app::treemap_view] 3D frame: render=2.3ms tex=0.9ms total=3.2ms
[2026-10-02T19:39:23.629Z INFO  squarebob::app::treemap_view] 3D frame: render=2.3ms tex=0.9ms total=3.3ms
[2026-10-02T19:39:23.645Z INFO  squarebob::app::treemap_view] 3D frame: render=2.0ms tex=0.8ms total=2.8ms
[2026-10-02T19:39:23.661Z INFO  squarebob::app::treemap_view] 3D frame: render=2.1ms tex=0.9ms total=3.0ms
[2026-10-02T19:39:23.677Z INFO  squarebob::app::treemap_view] 3D frame: render=2.3ms tex=0.8ms total=3.1ms
[2026-10-02T19:39:23.693Z INFO  squarebob::app::treemap_view] 3D frame: render=1.9ms tex=0.8ms total=2.7ms
[2026-10-02T19:39:23.709Z INFO  squarebob::app::treemap_view] 3D frame: render=2.3ms tex=0.7ms total=3.0ms
[2026-10-02T19:39:23.725Z INFO  squarebob::app::treemap_view] 3D frame: render=2.2ms tex=0.9ms total=3.1ms
[2026-10-02T19:39:23.742Z INFO  squarebob::app::treemap_view] 3D frame: render=2.0ms tex=0.8ms total=2.8ms
[2026-10-02T19:39:23.758Z INFO  squarebob::app::treemap_view] 3D frame: render=2.2ms tex=0.9ms total=3.1ms
[2026-10-02T19:39:23.775Z INFO  squarebob::app::treemap_view] 3D frame: render=2.0ms tex=0.8ms total=2.8ms
[2026-10-02T19:39:23.790Z INFO  squarebob::app::treemap_view] 3D frame: render=2.1ms tex=0.8ms total=3.0ms
[2026-10-02T19:39:23.806Z INFO  squarebob::app::treemap_view] 3D frame: render=2.3ms tex=0.6ms total=2.9ms
[2026-10-02T19:39:23.822Z INFO  squarebob::app::treemap_view] 3D frame: render=2.0ms tex=0.6ms total=2.6ms
[2026-10-02T19:39:23.839Z INFO  squarebob::app::treemap_view] 3D frame: render=2.1ms tex=0.8ms total=2.9ms
[2026-10-02T19:39:23.855Z INFO  squarebob::app::treemap_view] 3D frame: render=2.2ms tex=0.9ms total=3.1ms
[2026-10-02T19:39:23.871Z INFO  squarebob::app::treemap_view] 3D frame: render=2.1ms tex=0.9ms total=2.9ms
[2026-10-02T19:39:23.887Z INFO  squarebob::app::treemap_view] 3D frame: render=1.9ms tex=0.8ms total=2.8ms
[2026-10-02T19:39:23.903Z INFO  squarebob::app::treemap_view] 3D frame: render=2.5ms tex=0.6ms total=3.1ms
[2026-10-02T19:39:23.920Z INFO  squarebob::app::treemap_view] 3D frame: render=2.1ms tex=0.9ms total=3.0ms
[2026-10-02T19:39:23.936Z INFO  squarebob::app::treemap_view] 3D frame: render=2.0ms tex=0.9ms total=2.9ms
[2026-10-02T19:39:23.953Z INFO  squarebob::app::treemap_view] 3D frame: render=2.1ms tex=0.8ms total=2.9ms
[2026-10-02T19:39:23.968Z INFO  squarebob::app::treemap_view] 3D frame: render=2.0ms tex=0.7ms total=2.7ms
[2026-10-02T19:39:23.986Z INFO  squarebob::app::treemap_view] 3D frame: render=2.3ms tex=0.8ms total=3.2ms
[2026-10-02T19:39:24.001Z INFO  squarebob::app::treemap_view] 3D frame: render=2.1ms tex=0.8ms total=2.9ms
[2026-10-02T19:39:24.018Z INFO  squarebob::app::treemap_view] 3D frame: render=2.1ms tex=0.6ms total=2.7ms
[2026-10-02T19:39:24.034Z INFO  squarebob::app::treemap_view] 3D frame: render=1.9ms tex=0.8ms total=2.8ms
[2026-10-02T19:39:24.050Z INFO  squarebob::app::treemap_view] 3D frame: render=2.2ms tex=0.6ms total=2.8ms
[2026-10-02T19:39:24.067Z INFO  squarebob::app::treemap_view] 3D frame: render=2.1ms tex=0.9ms total=3.0ms
[2026-10-02T19:39:24.083Z INFO  squarebob::app::treemap_view] 3D frame: render=2.2ms tex=1.0ms total=3.1ms
[2026-10-02T19:39:24.100Z INFO  squarebob::app::treemap_view] 3D frame: render=2.4ms tex=0.7ms total=3.1ms
[2026-10-02T19:39:24.116Z INFO  squarebob::app::treemap_view] 3D frame: render=2.1ms tex=0.8ms total=2.9ms
[2026-10-02T19:39:24.132Z INFO  squarebob::app::treemap_view] 3D frame: render=2.0ms tex=0.8ms total=2.8ms
[2026-10-02T19:39:24.147Z INFO  squarebob::app::treemap_view] 3D frame: render=2.3ms tex=0.6ms total=2.9ms
[2026-10-02T19:39:24.164Z INFO  squarebob::app::treemap_view] 3D frame: render=2.1ms tex=0.6ms total=2.7ms
[2026-10-02T19:39:24.180Z INFO  squarebob::app::treemap_view] 3D frame: render=2.3ms tex=0.6ms total=2.9ms
[2026-10-02T19:39:24.196Z INFO  squarebob::app::treemap_view] 3D frame: render=2.3ms tex=0.7ms total=3.0ms
[2026-10-02T19:39:24.212Z INFO  squarebob::app::treemap_view] 3D frame: render=2.2ms tex=0.7ms total=2.9ms
[2026-10-02T19:39:24.229Z INFO  squarebob::app::treemap_view] 3D frame: render=2.2ms tex=0.9ms total=3.1ms
[2026-10-02T19:39:24.245Z INFO  squarebob::app::treemap_view] 3D frame: render=2.3ms tex=0.8ms total=3.1ms
[2026-10-02T19:39:24.262Z INFO  squarebob::app::treemap_view] 3D frame: render=2.0ms tex=0.8ms total=2.8ms
[2026-10-02T19:39:24.277Z INFO  squarebob::app::treemap_view] 3D frame: render=1.9ms tex=0.6ms total=2.5ms
[2026-10-02T19:39:24.294Z INFO  squarebob::app::treemap_view] 3D frame: render=2.1ms tex=0.8ms total=2.9ms
[2026-10-02T19:39:24.310Z INFO  squarebob::app::treemap_view] 3D frame: render=2.0ms tex=0.7ms total=2.7ms
[2026-10-02T19:39:24.328Z INFO  squarebob::app::treemap_view] 3D frame: render=3.1ms tex=1.4ms total=4.4ms
[2026-10-02T19:39:24.345Z INFO  squarebob::app::treemap_view] 3D frame: render=2.4ms tex=0.7ms total=3.1ms
[2026-10-02T19:39:24.362Z INFO  squarebob::app::treemap_view] 3D frame: render=2.3ms tex=0.9ms total=3.2ms
[2026-10-02T19:39:24.379Z INFO  squarebob::app::treemap_view] 3D frame: render=2.0ms tex=0.8ms total=2.8ms
[2026-10-02T19:39:24.394Z INFO  squarebob::app::treemap_view] 3D frame: render=2.2ms tex=0.8ms total=2.9ms
[2026-10-02T19:39:24.411Z INFO  squarebob::app::treemap_view] 3D frame: render=2.0ms tex=0.8ms total=2.8ms
[2026-10-02T19:39:24.427Z INFO  squarebob::app::treemap_view] 3D frame: render=2.1ms tex=0.6ms total=2.6ms
[2026-10-02T19:39:24.442Z INFO  squarebob::app::treemap_view] 3D frame: render=2.1ms tex=0.8ms total=2.9ms
[2026-10-02T19:39:24.458Z INFO  squarebob::app::treemap_view] 3D frame: render=2.0ms tex=0.9ms total=2.9ms
[2026-10-02T19:39:24.475Z INFO  squarebob::app::treemap_view] 3D frame: render=2.3ms tex=0.7ms total=3.0ms
[2026-10-02T19:39:24.491Z INFO  squarebob::app::treemap_view] 3D frame: render=2.4ms tex=0.7ms total=3.1ms
[2026-10-02T19:39:24.508Z INFO  squarebob::app::treemap_view] 3D frame: render=2.3ms tex=0.7ms total=3.0ms
[2026-10-02T19:39:24.524Z INFO  squarebob::app::treemap_view] 3D frame: render=2.1ms tex=0.8ms total=3.0ms
[2026-10-02T19:39:24.541Z INFO  squarebob::app::treemap_view] 3D frame: render=2.2ms tex=0.8ms total=3.0ms
[2026-10-02T19:39:24.557Z INFO  squarebob::app::treemap_view] 3D frame: render=2.1ms tex=0.9ms total=2.9ms
[2026-10-02T19:39:24.574Z INFO  squarebob::app::treemap_view] 3D frame: render=2.0ms tex=0.6ms total=2.5ms
[2026-10-02T19:39:24.591Z INFO  squarebob::app::treemap_view] 3D frame: render=2.3ms tex=0.9ms total=3.1ms
[2026-10-02T19:39:24.607Z INFO  squarebob::app::treemap_view] 3D frame: render=2.1ms tex=0.8ms total=2.9ms
[2026-10-02T19:39:24.623Z INFO  squarebob::app::treemap_view] 3D frame: render=2.0ms tex=0.8ms total=2.7ms
[2026-10-02T19:39:24.639Z INFO  squarebob::app::treemap_view] 3D frame: render=2.1ms tex=0.7ms total=2.8ms
[2026-10-02T19:39:24.656Z INFO  squarebob::app::treemap_view] 3D frame: render=2.1ms tex=0.7ms total=2.8ms
[2026-10-02T19:39:24.672Z INFO  squarebob::app::treemap_view] 3D frame: render=2.0ms tex=0.8ms total=2.8ms
[2026-10-02T19:39:24.688Z INFO  squarebob::app::treemap_view] 3D frame: render=2.4ms tex=0.7ms total=3.1ms
[2026-10-02T19:39:24.705Z INFO  squarebob::app::treemap_view] 3D frame: render=2.4ms tex=0.7ms total=3.1ms
[2026-10-02T19:39:24.720Z INFO  squarebob::app::treemap_view] 3D frame: render=1.9ms tex=0.8ms total=2.8ms
[2026-10-02T19:39:24.736Z INFO  squarebob::app::treemap_view] 3D frame: render=2.2ms tex=0.6ms total=2.8ms
[2026-10-02T19:39:24.752Z INFO  squarebob::app::treemap_view] 3D frame: render=2.0ms tex=0.6ms total=2.6ms
[2026-10-02T19:39:24.768Z INFO  squarebob::app::treemap_view] 3D frame: render=2.1ms tex=0.7ms total=2.7ms
[2026-10-02T19:39:24.786Z INFO  squarebob::app::treemap_view] 3D frame: render=2.4ms tex=0.9ms total=3.3ms
[2026-10-02T19:39:24.801Z INFO  squarebob::app::treemap_view] 3D frame: render=2.1ms tex=0.6ms total=2.6ms
[2026-10-02T19:39:24.818Z INFO  squarebob::app::treemap_view] 3D frame: render=2.2ms tex=0.6ms total=2.9ms
[2026-10-02T19:39:24.833Z INFO  squarebob::app::treemap_view] 3D frame: render=2.1ms tex=0.6ms total=2.7ms
[2026-10-02T19:39:24.850Z INFO  squarebob::app::treemap_view] 3D frame: render=2.4ms tex=0.7ms total=3.1ms
[2026-10-02T19:39:24.866Z INFO  squarebob::app::treemap_view] 3D frame: render=2.0ms tex=0.8ms total=2.8ms
[2026-10-02T19:39:24.882Z INFO  squarebob::app::treemap_view] 3D frame: render=2.2ms tex=0.9ms total=3.0ms
[2026-10-02T19:39:24.898Z INFO  squarebob::app::treemap_view] 3D frame: render=2.2ms tex=0.9ms total=3.1ms
[2026-10-02T19:39:24.915Z INFO  squarebob::app::treemap_view] 3D frame: render=2.1ms tex=0.8ms total=2.9ms
[2026-10-02T19:39:24.931Z INFO  squarebob::app::treemap_view] 3D frame: render=2.4ms tex=0.6ms total=3.0ms
[2026-10-02T19:39:24.947Z INFO  squarebob::app::treemap_view] 3D frame: render=2.0ms tex=0.6ms total=2.5ms
[2026-10-02T19:39:24.963Z INFO  squarebob::app::treemap_view] 3D frame: render=2.1ms tex=0.6ms total=2.6ms
[2026-10-02T19:39:24.979Z INFO  squarebob::app::treemap_view] 3D frame: render=2.2ms tex=0.8ms total=3.0ms
[2026-10-02T19:39:24.996Z INFO  squarebob::app::treemap_view] 3D frame: render=2.0ms tex=0.8ms total=2.8ms
[2026-10-02T19:39:25.011Z INFO  squarebob::app::treemap_view] 3D frame: render=2.1ms tex=0.6ms total=2.6ms
[2026-10-02T19:39:25.028Z INFO  squarebob::app::treemap_view] 3D frame: render=2.1ms tex=0.6ms total=2.7ms
[2026-10-02T19:39:25.044Z INFO  squarebob::app::treemap_view] 3D frame: render=2.0ms tex=0.7ms total=2.7ms
[2026-10-02T19:39:25.060Z INFO  squarebob::app::treemap_view] 3D frame: render=2.0ms tex=0.6ms total=2.6ms
[2026-10-02T19:39:25.077Z INFO  squarebob::app::treemap_view] 3D frame: render=2.3ms tex=0.6ms total=2.9ms
[2026-10-02T19:39:25.094Z INFO  squarebob::app::treemap_view] 3D frame: render=2.2ms tex=0.6ms total=2.8ms
[2026-10-02T19:39:25.110Z INFO  squarebob::app::treemap_view] 3D frame: render=2.1ms tex=0.6ms total=2.7ms
[2026-10-02T19:39:25.127Z INFO  squarebob::app::treemap_view] 3D frame: render=2.1ms tex=0.6ms total=2.7ms
[2026-10-02T19:39:25.143Z INFO  squarebob::app::treemap_view] 3D frame: render=2.3ms tex=0.6ms total=2.9ms
[2026-10-02T19:39:25.160Z INFO  squarebob::app::treemap_view] 3D frame: render=2.0ms tex=0.8ms total=2.8ms
[2026-10-02T19:39:25.176Z INFO  squarebob::app::treemap_view] 3D frame: render=2.4ms tex=0.9ms total=3.4ms
[2026-10-02T19:39:25.194Z INFO  squarebob::app::treemap_view] 3D frame: render=2.3ms tex=0.9ms total=3.2ms
[2026-10-02T19:39:25.210Z INFO  squarebob::app::treemap_view] 3D frame: render=2.1ms tex=0.6ms total=2.6ms
[2026-10-02T19:39:25.227Z INFO  squarebob::app::treemap_view] 3D frame: render=2.2ms tex=0.6ms total=2.8ms
[2026-10-02T19:39:25.244Z INFO  squarebob::app::treemap_view] 3D frame: render=2.4ms tex=0.9ms total=3.3ms
[2026-10-02T19:39:25.260Z INFO  squarebob::app::treemap_view] 3D frame: render=2.0ms tex=0.9ms total=2.9ms
[2026-10-02T19:39:25.276Z INFO  squarebob::app::treemap_view] 3D frame: render=2.1ms tex=0.8ms total=2.9ms
[2026-10-02T19:39:25.292Z INFO  squarebob::app::treemap_view] 3D frame: render=2.2ms tex=0.6ms total=2.8ms
[2026-10-02T19:39:25.309Z INFO  squarebob::app::treemap_view] 3D frame: render=2.1ms tex=0.9ms total=3.0ms
[2026-10-02T19:39:25.325Z INFO  squarebob::app::treemap_view] 3D frame: render=2.4ms tex=0.7ms total=3.1ms
[2026-10-02T19:39:25.341Z INFO  squarebob::app::treemap_view] 3D frame: render=2.3ms tex=0.7ms total=3.0ms
[2026-10-02T19:39:25.357Z INFO  squarebob::app::treemap_view] 3D frame: render=2.1ms tex=0.6ms total=2.6ms
[2026-10-02T19:39:25.374Z INFO  squarebob::app::treemap_view] 3D frame: render=2.4ms tex=0.6ms total=3.0ms
[2026-10-02T19:39:25.390Z INFO  squarebob::app::treemap_view] 3D frame: render=2.1ms tex=0.8ms total=3.0ms
[2026-10-02T19:39:25.405Z INFO  squarebob::app::treemap_view] 3D frame: render=2.0ms tex=0.6ms total=2.5ms
[2026-10-02T19:39:25.422Z INFO  squarebob::app::treemap_view] 3D frame: render=2.3ms tex=0.7ms total=3.0ms
[2026-10-02T19:39:25.438Z INFO  squarebob::app::treemap_view] 3D frame: render=2.3ms tex=0.7ms total=2.9ms
[2026-10-02T19:39:25.454Z INFO  squarebob::app::treemap_view] 3D frame: render=2.2ms tex=0.7ms total=2.9ms
[2026-10-02T19:39:25.471Z INFO  squarebob::app::treemap_view] 3D frame: render=2.1ms tex=1.1ms total=3.2ms
[2026-10-02T19:39:25.487Z INFO  squarebob::app::treemap_view] 3D frame: render=2.2ms tex=0.7ms total=2.9ms
[2026-10-02T19:39:25.503Z INFO  squarebob::app::treemap_view] 3D frame: render=2.3ms tex=0.7ms total=2.9ms
[2026-10-02T19:39:25.519Z INFO  squarebob::app::treemap_view] 3D frame: render=2.2ms tex=0.7ms total=2.9ms
[2026-10-02T19:39:25.536Z INFO  squarebob::app::treemap_view] 3D frame: render=2.5ms tex=0.7ms total=3.2ms
[2026-10-02T19:39:25.553Z INFO  squarebob::app::treemap_view] 3D frame: render=2.0ms tex=0.8ms total=2.9ms
[2026-10-02T19:39:25.570Z INFO  squarebob::app::treemap_view] 3D frame: render=2.5ms tex=1.0ms total=3.4ms
[2026-10-02T19:39:25.588Z INFO  squarebob::app::treemap_view] 3D frame: render=2.1ms tex=0.8ms total=2.9ms
[2026-10-02T19:39:25.604Z INFO  squarebob::app::treemap_view] 3D frame: render=2.1ms tex=0.8ms total=2.9ms
[2026-10-02T19:39:25.620Z INFO  squarebob::app::treemap_view] 3D frame: render=2.3ms tex=0.7ms total=3.0ms
[2026-10-02T19:39:25.637Z INFO  squarebob::app::treemap_view] 3D frame: render=2.8ms tex=0.9ms total=3.7ms
[2026-10-02T19:39:25.654Z INFO  squarebob::app::treemap_view] 3D frame: render=2.0ms tex=0.6ms total=2.6ms
[2026-10-02T19:39:25.671Z INFO  squarebob::app::treemap_view] 3D frame: render=2.1ms tex=0.8ms total=3.0ms
[2026-10-02T19:39:25.687Z INFO  squarebob::app::treemap_view] 3D frame: render=2.2ms tex=0.7ms total=2.9ms
[2026-10-02T19:39:25.704Z INFO  squarebob::app::treemap_view] 3D frame: render=2.4ms tex=0.7ms total=3.1ms
[2026-10-02T19:39:25.719Z INFO  squarebob::app::treemap_view] 3D frame: render=2.2ms tex=0.8ms total=3.1ms
[2026-10-02T19:39:25.736Z INFO  squarebob::app::treemap_view] 3D frame: render=2.7ms tex=0.7ms total=3.4ms
[2026-10-02T19:39:25.754Z INFO  squarebob::app::treemap_view] 3D frame: render=2.3ms tex=0.7ms total=3.0ms
[2026-10-02T19:39:25.771Z INFO  squarebob::app::treemap_view] 3D frame: render=3.0ms tex=0.9ms total=3.9ms
[2026-10-02T19:39:25.788Z INFO  squarebob::app::treemap_view] 3D frame: render=2.1ms tex=0.8ms total=3.0ms
[2026-10-02T19:39:25.805Z INFO  squarebob::app::treemap_view] 3D frame: render=2.5ms tex=0.6ms total=3.1ms
[2026-10-02T19:39:25.822Z INFO  squarebob::app::treemap_view] 3D frame: render=2.7ms tex=0.7ms total=3.5ms
[2026-10-02T19:39:25.840Z INFO  squarebob::app::treemap_view] 3D frame: render=2.0ms tex=0.8ms total=2.8ms
[2026-10-02T19:39:25.855Z INFO  squarebob::app::treemap_view] 3D frame: render=2.0ms tex=0.6ms total=2.5ms
[2026-10-02T19:39:25.872Z INFO  squarebob::app::treemap_view] 3D frame: render=2.2ms tex=0.8ms total=3.0ms
[2026-10-02T19:39:25.888Z INFO  squarebob::app::treemap_view] 3D frame: render=2.0ms tex=0.9ms total=2.9ms
[2026-10-02T19:39:25.904Z INFO  squarebob::app::treemap_view] 3D frame: render=2.3ms tex=0.6ms total=2.9ms
[2026-10-02T19:39:25.921Z INFO  squarebob::app::treemap_view] 3D frame: render=2.8ms tex=0.9ms total=3.7ms
[2026-10-02T19:39:25.939Z INFO  squarebob::app::treemap_view] 3D frame: render=2.5ms tex=0.6ms total=3.1ms
[2026-10-02T19:39:25.955Z INFO  squarebob::app::treemap_view] 3D frame: render=1.9ms tex=0.8ms total=2.8ms
[2026-10-02T19:39:25.971Z INFO  squarebob::app::treemap_view] 3D frame: render=2.4ms tex=0.7ms total=3.0ms
[2026-10-02T19:39:25.987Z INFO  squarebob::app::treemap_view] 3D frame: render=2.2ms tex=0.6ms total=2.9ms
[2026-10-02T19:39:26.003Z INFO  squarebob::app::treemap_view] 3D frame: render=2.4ms tex=0.7ms total=3.0ms
[2026-10-02T19:39:26.019Z INFO  squarebob::app::treemap_view] 3D frame: render=2.1ms tex=0.8ms total=2.9ms
[2026-10-02T19:39:26.035Z INFO  squarebob::app::treemap_view] 3D frame: render=2.1ms tex=0.8ms total=2.9ms
[2026-10-02T19:39:26.051Z INFO  squarebob::app::treemap_view] 3D frame: render=2.4ms tex=0.6ms total=3.1ms
[2026-10-02T19:39:26.068Z INFO  squarebob::app::treemap_view] 3D frame: render=2.2ms tex=0.8ms total=2.9ms
[2026-10-02T19:39:26.084Z INFO  squarebob::app::treemap_view] 3D frame: render=2.0ms tex=0.8ms total=2.9ms
[2026-10-02T19:39:26.101Z INFO  squarebob::app::treemap_view] 3D frame: render=2.4ms tex=0.9ms total=3.2ms
[2026-10-02T19:39:26.117Z INFO  squarebob::app::treemap_view] 3D frame: render=2.3ms tex=0.7ms total=2.9ms
[2026-10-02T19:39:26.133Z INFO  squarebob::app::treemap_view] 3D frame: render=2.3ms tex=0.6ms total=2.9ms
[2026-10-02T19:39:26.149Z INFO  squarebob::app::treemap_view] 3D frame: render=2.3ms tex=0.7ms total=2.9ms
[2026-10-02T19:39:26.165Z INFO  squarebob::app::treemap_view] 3D frame: render=2.2ms tex=0.8ms total=3.0ms
[2026-10-02T19:39:26.181Z INFO  squarebob::app::treemap_view] 3D frame: render=2.0ms tex=0.8ms total=2.8ms
[2026-10-02T19:39:26.197Z INFO  squarebob::app::treemap_view] 3D frame: render=2.0ms tex=0.6ms total=2.6ms
[2026-10-02T19:39:26.215Z INFO  squarebob::app::treemap_view] 3D frame: render=2.3ms tex=0.8ms total=3.2ms
[2026-10-02T19:39:26.230Z INFO  squarebob::app::treemap_view] 3D frame: render=1.9ms tex=0.8ms total=2.8ms
[2026-10-02T19:39:26.248Z INFO  squarebob::app::treemap_view] 3D frame: render=2.3ms tex=0.9ms total=3.2ms
[2026-10-02T19:39:26.265Z INFO  squarebob::app::treemap_view] 3D frame: render=2.1ms tex=0.8ms total=2.9ms
[2026-10-02T19:39:26.281Z INFO  squarebob::app::treemap_view] 3D frame: render=2.1ms tex=0.8ms total=2.9ms
[2026-10-02T19:39:26.297Z INFO  squarebob::app::treemap_view] 3D frame: render=2.1ms tex=0.8ms total=2.9ms
[2026-10-02T19:39:26.314Z INFO  squarebob::app::treemap_view] 3D frame: render=2.3ms tex=0.6ms total=2.8ms
[2026-10-02T19:39:26.330Z INFO  squarebob::app::treemap_view] 3D frame: render=2.1ms tex=0.8ms total=2.9ms
[2026-10-02T19:39:26.346Z INFO  squarebob::app::treemap_view] 3D frame: render=2.2ms tex=0.7ms total=2.8ms
[2026-10-02T19:39:26.363Z INFO  squarebob::app::treemap_view] 3D frame: render=2.7ms tex=0.7ms total=3.4ms
[2026-10-02T19:39:26.380Z INFO  squarebob::app::treemap_view] 3D frame: render=2.0ms tex=0.8ms total=2.8ms
[2026-10-02T19:39:26.396Z INFO  squarebob::app::treemap_view] 3D frame: render=2.1ms tex=0.6ms total=2.8ms
[2026-10-02T19:39:26.412Z INFO  squarebob::app::treemap_view] 3D frame: render=2.5ms tex=0.7ms total=3.2ms
[2026-10-02T19:39:26.428Z INFO  squarebob::app::treemap_view] 3D frame: render=2.3ms tex=0.7ms total=3.0ms
[2026-10-02T19:39:26.444Z INFO  squarebob::app::treemap_view] 3D frame: render=2.0ms tex=0.8ms total=2.8ms
[2026-10-02T19:39:26.461Z INFO  squarebob::app::treemap_view] 3D frame: render=2.6ms tex=0.8ms total=3.4ms
[2026-10-02T19:39:26.477Z INFO  squarebob::app::treemap_view] 3D frame: render=2.4ms tex=1.0ms total=3.4ms
[2026-10-02T19:39:26.493Z INFO  squarebob::app::treemap_view] 3D frame: render=2.0ms tex=0.6ms total=2.6ms
[2026-10-02T19:39:26.509Z INFO  squarebob::app::treemap_view] 3D frame: render=2.0ms tex=0.8ms total=2.8ms
[2026-10-02T19:39:26.525Z INFO  squarebob::app::treemap_view] 3D frame: render=2.3ms tex=0.7ms total=3.0ms
[2026-10-02T19:39:26.541Z INFO  squarebob::app::treemap_view] 3D frame: render=2.2ms tex=0.6ms total=2.8ms
[2026-10-02T19:39:26.558Z INFO  squarebob::app::treemap_view] 3D frame: render=2.9ms tex=0.9ms total=3.8ms
[2026-10-02T19:39:26.575Z INFO  squarebob::app::treemap_view] 3D frame: render=2.2ms tex=0.7ms total=2.8ms
[2026-10-02T19:39:26.591Z INFO  squarebob::app::treemap_view] 3D frame: render=2.0ms tex=0.6ms total=2.6ms
[2026-10-02T19:39:26.608Z INFO  squarebob::app::treemap_view] 3D frame: render=2.4ms tex=0.7ms total=3.1ms
[2026-10-02T19:39:26.625Z INFO  squarebob::app::treemap_view] 3D frame: render=2.2ms tex=0.7ms total=2.9ms
[2026-10-02T19:39:26.641Z INFO  squarebob::app::treemap_view] 3D frame: render=2.6ms tex=0.9ms total=3.5ms
[2026-10-02T19:39:26.659Z INFO  squarebob::app::treemap_view] 3D frame: render=2.5ms tex=0.7ms total=3.2ms
[2026-10-02T19:39:26.675Z INFO  squarebob::app::treemap_view] 3D frame: render=1.9ms tex=0.8ms total=2.8ms
[2026-10-02T19:39:26.691Z INFO  squarebob::app::treemap_view] 3D frame: render=2.1ms tex=0.8ms total=2.9ms
[2026-10-02T19:39:26.707Z INFO  squarebob::app::treemap_view] 3D frame: render=2.8ms tex=0.6ms total=3.4ms
[2026-10-02T19:39:26.724Z INFO  squarebob::app::treemap_view] 3D frame: render=2.6ms tex=0.7ms total=3.3ms
[2026-10-02T19:39:26.740Z INFO  squarebob::app::treemap_view] 3D frame: render=2.2ms tex=0.7ms total=2.8ms
[2026-10-02T19:39:26.757Z INFO  squarebob::app::treemap_view] 3D frame: render=3.1ms tex=0.7ms total=3.8ms
[2026-10-02T19:39:26.775Z INFO  squarebob::app::treemap_view] 3D frame: render=2.3ms tex=0.8ms total=3.1ms
[2026-10-02T19:39:26.792Z INFO  squarebob::app::treemap_view] 3D frame: render=2.5ms tex=0.6ms total=3.2ms
[2026-10-02T19:39:26.809Z INFO  squarebob::app::treemap_view] 3D frame: render=2.0ms tex=0.8ms total=2.8ms
[2026-10-02T19:39:26.824Z INFO  squarebob::app::treemap_view] 3D frame: render=2.2ms tex=0.7ms total=2.8ms
[2026-10-02T19:39:26.840Z INFO  squarebob::app::treemap_view] 3D frame: render=2.2ms tex=0.7ms total=2.9ms
[2026-10-02T19:39:26.855Z INFO  squarebob::app::treemap_view] 3D frame: render=1.9ms tex=0.8ms total=2.7ms
[2026-10-02T19:39:26.871Z INFO  squarebob::app::treemap_view] 3D frame: render=2.0ms tex=0.6ms total=2.6ms
[2026-10-02T19:39:26.887Z INFO  squarebob::app::treemap_view] 3D frame: render=2.3ms tex=0.6ms total=2.9ms
[2026-10-02T19:39:26.903Z INFO  squarebob::app::treemap_view] 3D frame: render=2.3ms tex=0.7ms total=2.9ms
[2026-10-02T19:39:26.919Z INFO  squarebob::app::treemap_view] 3D frame: render=2.2ms tex=0.8ms total=3.0ms
[2026-10-02T19:39:26.936Z INFO  squarebob::app::treemap_view] 3D frame: render=2.9ms tex=0.7ms total=3.6ms
[2026-10-02T19:39:26.954Z INFO  squarebob::app::treemap_view] 3D frame: render=2.6ms tex=0.8ms total=3.4ms
[2026-10-02T19:39:26.971Z INFO  squarebob::app::treemap_view] 3D frame: render=2.3ms tex=0.6ms total=2.9ms
[2026-10-02T19:39:26.989Z INFO  squarebob::app::treemap_view] 3D frame: render=2.0ms tex=0.9ms total=2.9ms
[2026-10-02T19:39:27.007Z INFO  squarebob::app::treemap_view] 3D frame: render=3.1ms tex=1.1ms total=4.1ms
[2026-10-02T19:39:27.023Z INFO  squarebob::app::treemap_view] 3D frame: render=2.1ms tex=0.6ms total=2.7ms
[2026-10-02T19:39:27.039Z INFO  squarebob::app::treemap_view] 3D frame: render=2.1ms tex=0.6ms total=2.6ms
[2026-10-02T19:39:27.055Z INFO  squarebob::app::treemap_view] 3D frame: render=2.0ms tex=0.8ms total=2.8ms
[2026-10-02T19:39:27.070Z INFO  squarebob::app::treemap_view] 3D frame: render=2.1ms tex=0.9ms total=3.0ms
[2026-10-02T19:39:27.087Z INFO  squarebob::app::treemap_view] 3D frame: render=2.0ms tex=0.8ms total=2.8ms
[2026-10-02T19:39:27.104Z INFO  squarebob::app::treemap_view] 3D frame: render=3.3ms tex=0.9ms total=4.1ms
[2026-10-02T19:39:27.122Z INFO  squarebob::app::treemap_view] 3D frame: render=2.1ms tex=0.8ms total=2.9ms
[2026-10-02T19:39:27.138Z INFO  squarebob::app::treemap_view] 3D frame: render=2.0ms tex=0.9ms total=2.9ms
[2026-10-02T19:39:27.154Z INFO  squarebob::app::treemap_view] 3D frame: render=2.0ms tex=0.9ms total=2.8ms
[2026-10-02T19:39:27.169Z INFO  squarebob::app::treemap_view] 3D frame: render=2.1ms tex=0.8ms total=2.9ms
[2026-10-02T19:39:27.185Z INFO  squarebob::app::treemap_view] 3D frame: render=2.0ms tex=0.6ms total=2.6ms
[2026-10-02T19:39:27.201Z INFO  squarebob::app::treemap_view] 3D frame: render=2.2ms tex=0.8ms total=3.1ms
[2026-10-02T19:39:27.219Z INFO  squarebob::app::treemap_view] 3D frame: render=2.2ms tex=0.8ms total=3.1ms
[2026-10-02T19:39:27.235Z INFO  squarebob::app::treemap_view] 3D frame: render=1.9ms tex=0.8ms total=2.7ms
[2026-10-02T19:39:27.253Z INFO  squarebob::app::treemap_view] 3D frame: render=3.0ms tex=0.7ms total=3.7ms
[2026-10-02T19:39:27.270Z INFO  squarebob::app::treemap_view] 3D frame: render=2.0ms tex=0.8ms total=2.8ms
[2026-10-02T19:39:27.286Z INFO  squarebob::app::treemap_view] 3D frame: render=2.1ms tex=0.8ms total=3.0ms
[2026-10-02T19:39:27.303Z INFO  squarebob::app::treemap_view] 3D frame: render=2.5ms tex=1.0ms total=3.4ms
[2026-10-02T19:39:27.320Z INFO  squarebob::app::treemap_view] 3D frame: render=2.4ms tex=0.6ms total=3.1ms
[2026-10-02T19:39:27.336Z INFO  squarebob::app::treemap_view] 3D frame: render=3.0ms tex=0.7ms total=3.6ms
[2026-10-02T19:39:27.354Z INFO  squarebob::app::treemap_view] 3D frame: render=2.4ms tex=0.7ms total=3.1ms
[2026-10-02T19:39:27.371Z INFO  squarebob::app::treemap_view] 3D frame: render=2.2ms tex=1.2ms total=3.4ms
[2026-10-02T19:39:27.387Z INFO  squarebob::app::treemap_view] 3D frame: render=2.3ms tex=0.8ms total=3.1ms
[2026-10-02T19:39:27.404Z INFO  squarebob::app::treemap_view] 3D frame: render=2.6ms tex=0.8ms total=3.5ms
[2026-10-02T19:39:27.420Z INFO  squarebob::app::treemap_view] 3D frame: render=2.2ms tex=0.6ms total=2.9ms
[2026-10-02T19:39:27.436Z INFO  squarebob::app::treemap_view] 3D frame: render=2.3ms tex=0.6ms total=3.0ms
[2026-10-02T19:39:27.452Z INFO  squarebob::app::treemap_view] 3D frame: render=2.0ms tex=0.6ms total=2.6ms
[2026-10-02T19:39:27.468Z INFO  squarebob::app::treemap_view] 3D frame: render=2.0ms tex=0.8ms total=2.8ms
[2026-10-02T19:39:27.723Z INFO  squarebob::app::screenshot] Taking screenshot: 695x681 -> C:/projects/projects.rust.cg/cglibs/oidn-rs/bughunt/squarebob_pq_window_pt_gpu.png
[2026-10-02T19:39:28.122Z INFO  squarebob::app::screenshot] Screenshot saved: C:/projects/projects.rust.cg/cglibs/oidn-rs/bughunt/squarebob_pq_window_pt_gpu.png
